<?xml version="1.0" encoding="UTF-8"?>
<MF0 version="1.1" packageUris="http://schema.mathworks.com/mf0/ci/19700101 http://schema.mathworks.com/mf0/sl_modelref_info/R2022a http://schema.mathworks.com/mf0/slexec_mm_sto/R2022a_202107291127">
  <ModelRefInfoRepo.ModelRefInfoRoot type="ModelRefInfoRepo.ModelRefInfoRoot" uuid="096f727f-3884-4ea1-9669-123fad42143e">
    <childModelRefInfo type="ModelRefInfoRepo.ChildModelRefInfo" uuid="88d2d4ee-4d10-4908-8312-bc6d556e9676">
      <modelName>adcRef2</modelName>
      <modelPath>adcRef2</modelPath>
    </childModelRefInfo>
    <compDerivCacheNeedsReset>false</compDerivCacheNeedsReset>
    <compToGrInputPortMaps type="ModelRefInfoRepo.GrCompIOPortMaps" uuid="16803054-2875-481c-a37a-fb2e7f76c46f">
      <grAndCompPorts>0</grAndCompPorts>
      <grAndCompPorts>0</grAndCompPorts>
    </compToGrInputPortMaps>
    <compToGrOutputPortMaps type="ModelRefInfoRepo.GrCompIOPortMaps" uuid="0e27c87d-6757-48ea-8ef2-b40b68505cf3">
      <grAndCompPorts>0</grAndCompPorts>
      <grAndCompPorts>0</grAndCompPorts>
    </compToGrOutputPortMaps>
    <compZcCacheNeedsReset>false</compZcCacheNeedsReset>
    <dataTransferInfos>AAFJTQAAAAAOAAAAOAAAAAYAAAAIAAAAAgAAAAAAAAAFAAAACAAAAAAAAAABAAAAAQAAAAAAAAAFAAQAAQAAAAEAAAAAAAAA</dataTransferInfos>
    <defaultsCMapping>{&quot;Inports&quot;:&quot;{\&quot;Name\&quot;:\&quot;Default\&quot;,\&quot;Checksum\&quot;:\&quot;Default\&quot;,\&quot;PerInstancePropertiesChecksum\&quot;:\&quot;\&quot;,\&quot;MemorySectionName\&quot;:\&quot;None\&quot;,\&quot;MemorySectionChecksum\&quot;:\&quot;None\&quot;}&quot;,&quot;Outports&quot;:&quot;{\&quot;Name\&quot;:\&quot;Default\&quot;,\&quot;Checksum\&quot;:\&quot;Default\&quot;,\&quot;PerInstancePropertiesChecksum\&quot;:\&quot;\&quot;,\&quot;MemorySectionName\&quot;:\&quot;None\&quot;,\&quot;MemorySectionChecksum\&quot;:\&quot;None\&quot;}&quot;,&quot;ParameterArguments&quot;:&quot;{\&quot;Name\&quot;:\&quot;Default\&quot;,\&quot;Checksum\&quot;:\&quot;Default\&quot;,\&quot;PerInstancePropertiesChecksum\&quot;:\&quot;\&quot;,\&quot;MemorySectionName\&quot;:\&quot;None\&quot;,\&quot;MemorySectionChecksum\&quot;:\&quot;None\&quot;}&quot;,&quot;LocalParameters&quot;:&quot;{\&quot;Name\&quot;:\&quot;Default\&quot;,\&quot;Checksum\&quot;:\&quot;Default\&quot;,\&quot;PerInstancePropertiesChecksum\&quot;:\&quot;\&quot;,\&quot;MemorySectionName\&quot;:\&quot;None\&quot;,\&quot;MemorySectionChecksum\&quot;:\&quot;None\&quot;}&quot;,&quot;GlobalParameters&quot;:&quot;{\&quot;Name\&quot;:\&quot;Default\&quot;,\&quot;Checksum\&quot;:\&quot;Default\&quot;,\&quot;PerInstancePropertiesChecksum\&quot;:\&quot;\&quot;,\&quot;MemorySectionName\&quot;:\&quot;None\&quot;,\&quot;MemorySectionChecksum\&quot;:\&quot;None\&quot;}&quot;,&quot;InternalData&quot;:&quot;{\&quot;Name\&quot;:\&quot;Default\&quot;,\&quot;Checksum\&quot;:\&quot;Default\&quot;,\&quot;PerInstancePropertiesChecksum\&quot;:\&quot;\&quot;,\&quot;MemorySectionName\&quot;:\&quot;None\&quot;,\&quot;MemorySectionChecksum\&quot;:\&quot;None\&quot;}&quot;,&quot;SharedLocalDataStores&quot;:&quot;{\&quot;Name\&quot;:\&quot;Default\&quot;,\&quot;Checksum\&quot;:\&quot;Default\&quot;,\&quot;PerInstancePropertiesChecksum\&quot;:\&quot;\&quot;,\&quot;MemorySectionName\&quot;:\&quot;None\&quot;,\&quot;MemorySectionChecksum\&quot;:\&quot;None\&quot;}&quot;,&quot;GlobalDataStores&quot;:&quot;{\&quot;Name\&quot;:\&quot;Default\&quot;,\&quot;Checksum\&quot;:\&quot;Default\&quot;,\&quot;PerInstancePropertiesChecksum\&quot;:\&quot;\&quot;,\&quot;MemorySectionName\&quot;:\&quot;None\&quot;,\&quot;MemorySectionChecksum\&quot;:\&quot;None\&quot;}&quot;,&quot;Constants&quot;:&quot;{\&quot;Name\&quot;:\&quot;Default\&quot;,\&quot;Checksum\&quot;:\&quot;Default\&quot;,\&quot;PerInstancePropertiesChecksum\&quot;:\&quot;\&quot;,\&quot;MemorySectionName\&quot;:\&quot;None\&quot;,\&quot;MemorySectionChecksum\&quot;:\&quot;None\&quot;}&quot;,&quot;DataTransfers&quot;:&quot;{\&quot;Name\&quot;:\&quot;Default\&quot;,\&quot;Checksum\&quot;:\&quot;Default\&quot;,\&quot;PerInstancePropertiesChecksum\&quot;:\&quot;\&quot;,\&quot;MemorySectionName\&quot;:\&quot;None\&quot;,\&quot;MemorySectionChecksum\&quot;:\&quot;None\&quot;}&quot;,&quot;ModelData&quot;:&quot;{\&quot;Name\&quot;:\&quot;Default\&quot;,\&quot;Checksum\&quot;:\&quot;Default\&quot;,\&quot;PerInstancePropertiesChecksum\&quot;:\&quot;\&quot;,\&quot;MemorySectionName\&quot;:\&quot;None\&quot;,\&quot;MemorySectionChecksum\&quot;:\&quot;None\&quot;}&quot;,&quot;InitializeTerminate&quot;:&quot;{\&quot;Name\&quot;:\&quot;Default\&quot;,\&quot;Checksum\&quot;:\&quot;Default\&quot;,\&quot;PerInstancePropertiesChecksum\&quot;:\&quot;\&quot;,\&quot;MemorySectionName\&quot;:\&quot;None\&quot;,\&quot;MemorySectionChecksum\&quot;:\&quot;None\&quot;}&quot;,&quot;Execution&quot;:&quot;{\&quot;Name\&quot;:\&quot;Default\&quot;,\&quot;Checksum\&quot;:\&quot;Default\&quot;,\&quot;PerInstancePropertiesChecksum\&quot;:\&quot;\&quot;,\&quot;MemorySectionName\&quot;:\&quot;None\&quot;,\&quot;MemorySectionChecksum\&quot;:\&quot;None\&quot;}&quot;,&quot;SharedUtility&quot;:&quot;{\&quot;Name\&quot;:\&quot;Default\&quot;,\&quot;Checksum\&quot;:\&quot;Default\&quot;,\&quot;PerInstancePropertiesChecksum\&quot;:\&quot;\&quot;,\&quot;MemorySectionName\&quot;:\&quot;None\&quot;,\&quot;MemorySectionChecksum\&quot;:\&quot;None\&quot;}&quot;}</defaultsCMapping>
    <grToCompInputPortsMaps type="ModelRefInfoRepo.GrCompIOPortMaps" uuid="2146f2b1-8586-4e15-9ab0-8fc9204b1b17">
      <grAndCompPorts>0</grAndCompPorts>
      <grAndCompPorts>0</grAndCompPorts>
    </grToCompInputPortsMaps>
    <grToCompOutputPortsMaps type="ModelRefInfoRepo.GrCompIOPortMaps" uuid="4af5b9fc-e7e9-4272-851b-a8f392de4854">
      <grAndCompPorts>0</grAndCompPorts>
      <grAndCompPorts>0</grAndCompPorts>
    </grToCompOutputPortsMaps>
    <hasBlockUsingZOHContinuousSampleTime>true</hasBlockUsingZOHContinuousSampleTime>
    <hasBlockWithPeriodicDiscreteSampleTime>true</hasBlockWithPeriodicDiscreteSampleTime>
    <hasBwsAccessed>true</hasBwsAccessed>
    <hasBwsAccessedByAnyModel>true</hasBwsAccessedByAnyModel>
    <hasConstantOutput>false</hasConstantOutput>
    <hasContinuousSampleTime>true</hasContinuousSampleTime>
    <hasModelWideEventTs>false</hasModelWideEventTs>
    <hasNoncontSigFeedingDerivPorts>true</hasNoncontSigFeedingDerivPorts>
    <hasParallelForEachBlocker>true</hasParallelForEachBlocker>
    <inports type="ModelRefInfoRepo.InportInformation" uuid="55d8428b-2db2-4035-8845-398ece7f2fb2">
      <isNotDerivPort>true</isNotDerivPort>
      <designMax>Inf</designMax>
      <designMin>-Inf</designMin>
      <indexType>2</indexType>
      <rateInfos type="ModelRefInfoRepo.RateInfo">
        <compiled>true</compiled>
        <period>0.0</period>
        <priority>40</priority>
        <rateIdx>0</rateIdx>
      </rateInfos>
      <resolvedSignalObject></resolvedSignalObject>
      <executionInterface type="ModelRefInfoRepo.InputExecutionInterface" uuid="216c2f38-d61a-4cae-8acc-1da221336615"/>
      <sigNameToEMVCEMap type="ModelRefInfoRepo.SigNameEMVCEInfo" uuid="d12a4401-93dc-484d-999c-3e8a7255231a"/>
    </inports>
    <isAperiodicRootFcnCallSystem>false</isAperiodicRootFcnCallSystem>
    <isInlineParamsOn>true</isInlineParamsOn>
    <isOrigInportVirtualBus>false</isOrigInportVirtualBus>
    <isOrigOutportVirtualBus>false</isOrigOutportVirtualBus>
    <isPreCompSingleRate>false</isPreCompSingleRate>
    <isRefModelConstant>false</isRefModelConstant>
    <isRootFcnCallPortGroupsEmpty>true</isRootFcnCallPortGroupsEmpty>
    <loggingSaveFormat>4</loggingSaveFormat>
    <massMatrixNzMax>3</massMatrixNzMax>
    <maxFreqHz>-1.0</maxFreqHz>
    <numCStateRecs>1</numCStateRecs>
    <numContinuousStates>3</numContinuousStates>
    <numDataInputPorts>1</numDataInputPorts>
    <numLoggableCStateRecs>1</numLoggableCStateRecs>
    <numLoggableJacobianDStates>0</numLoggableJacobianDStates>
    <numModelWideEventTs>0</numModelWideEventTs>
    <numPortlessSimulinkFunctionPortGroups>0</numPortlessSimulinkFunctionPortGroups>
    <numRuntimeExportedRates>3</numRuntimeExportedRates>
    <numTs>3</numTs>
    <origInportBusType></origInportBusType>
    <origOutportBusOutputAsStruct>false</origOutportBusOutputAsStruct>
    <origOutportBusType></origOutportBusType>
    <outports type="ModelRefInfoRepo.OutportInformation" uuid="8ad85f4c-6713-4232-86de-dbddf300e9be">
      <okToMerge>1</okToMerge>
      <designMax>Inf</designMax>
      <designMin>-Inf</designMin>
      <indexType>2</indexType>
      <rateInfos type="ModelRefInfoRepo.RateInfo">
        <compiled>true</compiled>
        <nonFcnCallPartitionName>Cont</nonFcnCallPartitionName>
        <period>1e-08</period>
        <priority>40</priority>
        <rateIdx>2</rateIdx>
      </rateInfos>
      <resolvedSignalObject></resolvedSignalObject>
      <executionInterface type="ModelRefInfoRepo.OutputExecutionInterface" uuid="eaaec437-23a3-487a-82f8-89bd71f59de6"/>
      <sigNameToEMVCEMap type="ModelRefInfoRepo.SigNameEMVCEInfo" uuid="09ed2920-ac29-422a-99e0-5966576052ef"/>
    </outports>
    <preCompAllowConstTsOnPorts>false</preCompAllowConstTsOnPorts>
    <preCompAllowPortBasedInTriggeredSS>false</preCompAllowPortBasedInTriggeredSS>
    <runtimeNonFcnCallRateInfos type="ModelRefInfoRepo.RateInfo">
      <compiled>true</compiled>
      <period>0.0</period>
      <priority>40</priority>
      <rateIdx>0</rateIdx>
    </runtimeNonFcnCallRateInfos>
    <runtimeNonFcnCallRateInfos type="ModelRefInfoRepo.RateInfo">
      <compiled>true</compiled>
      <offset>1.0</offset>
      <period>0.0</period>
      <priority>40</priority>
      <rateIdx>1</rateIdx>
    </runtimeNonFcnCallRateInfos>
    <runtimeNonFcnCallRateInfos type="ModelRefInfoRepo.RateInfo">
      <compiled>true</compiled>
      <nonFcnCallPartitionName>Cont</nonFcnCallPartitionName>
      <period>1e-08</period>
      <priority>40</priority>
      <rateIdx>2</rateIdx>
    </runtimeNonFcnCallRateInfos>
    <sampleTimeInheritanceRule>2</sampleTimeInheritanceRule>
    <solverStatusFlags>13</solverStatusFlags>
    <timingAndTaskingRegistry>&lt;?xml version=&quot;1.0&quot;?&gt;
&lt;slexec_sto version=&quot;1.1&quot; packageUris=&quot;http://schema.mathworks.com/mf0/slexec_mm_sto/R2022a_202107291127&quot;&gt;
  &lt;sto.Registry type=&quot;sto.Registry&quot; uuid=&quot;2766c556-c17f-4afa-ab1d-78372cd06537&quot;&gt;
    &lt;clocks type=&quot;sto.Timer&quot; uuid=&quot;2f38e896-cdce-407b-b2ea-a0fbbe058e00&quot;&gt;
      &lt;computedFundamentalDiscretePeriod&gt;1e-08&lt;/computedFundamentalDiscretePeriod&gt;
      &lt;rates type=&quot;sto.ContinuousRate&quot; uuid=&quot;3914d5f2-b766-492e-bcf8-64d027ff387e&quot;&gt;
        &lt;annotation&gt;Cont&lt;/annotation&gt;
        &lt;description&gt;Continuous&lt;/description&gt;
        &lt;taskId&gt;_task0&lt;/taskId&gt;
        &lt;rateSpec type=&quot;sto.RateSpec&quot; uuid=&quot;8ad2876a-59e6-4f7d-b6ab-2774d93fb5e5&quot;/&gt;
      &lt;/rates&gt;
      &lt;rates type=&quot;sto.ZOHContinuousRate&quot; uuid=&quot;c1bd9455-0db5-41e6-b919-5581f2a42a8c&quot;&gt;
        &lt;annotation&gt;FiM&lt;/annotation&gt;
        &lt;colorIndex&gt;8&lt;/colorIndex&gt;
        &lt;description&gt;Fixed in Minor Step&lt;/description&gt;
        &lt;rateIdx&gt;1&lt;/rateIdx&gt;
        &lt;taskId&gt;_task0&lt;/taskId&gt;
        &lt;rateSpec type=&quot;sto.RateSpec&quot; uuid=&quot;663f76fd-bf4d-470e-8f80-d2677e5be79f&quot;&gt;
          &lt;offset&gt;1.0&lt;/offset&gt;
          &lt;rateType&gt;ZOHContinuous&lt;/rateType&gt;
        &lt;/rateSpec&gt;
      &lt;/rates&gt;
      &lt;rates type=&quot;sto.ClassicPeriodicDiscreteRate&quot; uuid=&quot;e1e91911-7646-48e0-9453-3fcf22eade2b&quot;&gt;
        &lt;annotation&gt;D1&lt;/annotation&gt;
        &lt;colorIndex&gt;2&lt;/colorIndex&gt;
        &lt;description&gt;Discrete 1&lt;/description&gt;
        &lt;rateIdx&gt;2&lt;/rateIdx&gt;
        &lt;taskId&gt;_task0&lt;/taskId&gt;
        &lt;rateSpec type=&quot;sto.RateSpec&quot; uuid=&quot;a3cec53f-1f77-4ad4-844c-bd177f4df6b3&quot;&gt;
          &lt;period&gt;1e-08&lt;/period&gt;
          &lt;rateType&gt;ClassicPeriodicDiscrete&lt;/rateType&gt;
        &lt;/rateSpec&gt;
      &lt;/rates&gt;
      &lt;baseRate type=&quot;sto.ContinuousRate&quot; uuid=&quot;ad0abb79-6f20-464c-9ad3-2f454a71a6b9&quot;&gt;
        &lt;annotation&gt;Cont&lt;/annotation&gt;
        &lt;description&gt;Continuous&lt;/description&gt;
        &lt;taskId&gt;_task0&lt;/taskId&gt;
        &lt;rateSpec type=&quot;sto.RateSpec&quot; uuid=&quot;bfaaf887-aee4-43b9-b72d-0269c83d35f7&quot;/&gt;
      &lt;/baseRate&gt;
    &lt;/clocks&gt;
    &lt;executionSpec&gt;Undetermined&lt;/executionSpec&gt;
    &lt;taskPriorityDirection&gt;HighNumberLast&lt;/taskPriorityDirection&gt;
    &lt;taskRegistry type=&quot;sto.TaskRegistry&quot; uuid=&quot;d3e4f238-0b0b-4f03-97ea-6ad331dc38c8&quot;&gt;
      &lt;rootTaskHierarchyElements type=&quot;sto.Task&quot; uuid=&quot;6d2a83d1-8fc6-4fc1-ac4b-e8179e2fad42&quot;&gt;
        &lt;isExecutable&gt;true&lt;/isExecutable&gt;
        &lt;orderIndex&gt;1&lt;/orderIndex&gt;
        &lt;rates type=&quot;sto.ContinuousRate&quot; uuid=&quot;eb33954b-5f14-428b-a267-18b048f9e7f8&quot;&gt;
          &lt;annotation&gt;Cont&lt;/annotation&gt;
          &lt;description&gt;Continuous&lt;/description&gt;
          &lt;taskId&gt;_task0&lt;/taskId&gt;
          &lt;rateSpec type=&quot;sto.RateSpec&quot; uuid=&quot;f2e1d736-eafa-45b3-98ca-c95832d50176&quot;/&gt;
        &lt;/rates&gt;
        &lt;rates type=&quot;sto.ZOHContinuousRate&quot; uuid=&quot;90baac88-0b88-4241-a30d-f69f47cc0717&quot;&gt;
          &lt;annotation&gt;FiM&lt;/annotation&gt;
          &lt;colorIndex&gt;8&lt;/colorIndex&gt;
          &lt;description&gt;Fixed in Minor Step&lt;/description&gt;
          &lt;rateIdx&gt;1&lt;/rateIdx&gt;
          &lt;taskId&gt;_task0&lt;/taskId&gt;
          &lt;rateSpec type=&quot;sto.RateSpec&quot; uuid=&quot;07953363-34e7-4f82-ae20-3217ef50f95f&quot;&gt;
            &lt;offset&gt;1.0&lt;/offset&gt;
            &lt;rateType&gt;ZOHContinuous&lt;/rateType&gt;
          &lt;/rateSpec&gt;
        &lt;/rates&gt;
        &lt;rates type=&quot;sto.ClassicPeriodicDiscreteRate&quot; uuid=&quot;c2dba449-33ec-4852-bcfc-3690a97aa1eb&quot;&gt;
          &lt;annotation&gt;D1&lt;/annotation&gt;
          &lt;colorIndex&gt;2&lt;/colorIndex&gt;
          &lt;description&gt;Discrete 1&lt;/description&gt;
          &lt;rateIdx&gt;2&lt;/rateIdx&gt;
          &lt;taskId&gt;_task0&lt;/taskId&gt;
          &lt;rateSpec type=&quot;sto.RateSpec&quot; uuid=&quot;5f809dd7-5ac4-4768-a193-bd83d411be36&quot;&gt;
            &lt;period&gt;1e-08&lt;/period&gt;
            &lt;rateType&gt;ClassicPeriodicDiscrete&lt;/rateType&gt;
          &lt;/rateSpec&gt;
        &lt;/rates&gt;
        &lt;elementType&gt;Task&lt;/elementType&gt;
        &lt;identifier&gt;_task0&lt;/identifier&gt;
        &lt;priority&gt;40&lt;/priority&gt;
      &lt;/rootTaskHierarchyElements&gt;
      &lt;taskDependencyGraph type=&quot;sto.SerializedTaskConnectionList&quot; uuid=&quot;3a91d6ac-86e1-4122-afcd-76a22bb53c03&quot;&gt;
        &lt;taskIdentifier&gt;_task0&lt;/taskIdentifier&gt;
      &lt;/taskDependencyGraph&gt;
    &lt;/taskRegistry&gt;
  &lt;/sto.Registry&gt;
&lt;/slexec_sto&gt;</timingAndTaskingRegistry>
    <usePortBasedSampleTime>false</usePortBasedSampleTime>
    <FMUBlockMap type="ModelRefInfoRepo.FMUBlockInfo" uuid="4029ebf7-be50-4192-ab03-1b09c2189319"/>
    <argumentParameterSourceMap type="ModelRefInfoRepo.ArgumentValueSourceMap" uuid="5f8850a9-5a94-4c70-b86c-cb57422fc4c8">
      <entries type="ModelRefInfoRepo.ArgumentValueSource" uuid="a211bde5-bf53-4c5c-ac67-3b1140529f45">
        <name>nonlingain</name>
        <srcPath>adcRef2</srcPath>
        <srcPrmName>nonlingain</srcPrmName>
      </entries>
    </argumentParameterSourceMap>
    <argumentParameters type="ModelRefInfoRepo.ArgumentValueMap" uuid="28197953-4674-40e6-9521-852ca0254e3d">
      <entries type="ModelRefInfoRepo.ArgumentValue" uuid="e568f940-0ce1-41f7-ac67-a6e37dd2bf15">
        <name>nonlingain</name>
        <value>AAFJTQAAAAAOAAAAOAAAAAYAAAAIAAAABgAAAAAAAAAFAAAACAAAAAEAAAABAAAAAQAAAAAAAAAJAAAACAAAAJqZmZmZmbk/</value>
      </entries>
    </argumentParameters>
    <codeGenInfo type="ModelRefInfoRepo.CodeGenInformation" uuid="d57b7e96-5ec6-4810-8981-611821ada066">
      <DWorkTypeName>hkcgqaaszhy</DWorkTypeName>
    </codeGenInfo>
    <compiledVariantInfos type="ModelRefInfoRepo.CompiledVariantInfoMap" uuid="9f631971-3c9f-4d85-90e9-c2aa8d68dcd8"/>
    <configSettingsForConsistencyChecks type="ModelRefInfoRepo.ConfigSettingsForConsistencyChecks" uuid="d7695161-50f1-436a-ad5a-827b96d28079">
      <frameDiagnosticSetting>2</frameDiagnosticSetting>
      <signalLoggingSaveFormat>2</signalLoggingSaveFormat>
      <simSIMDOptimization>1</simSIMDOptimization>
      <solverName>VariableStepAuto</solverName>
      <hardwareSettings type="ModelRefInfoRepo.HardwareSettings" uuid="185e51d6-a157-4179-9bda-067166e34dc6">
        <prodBitPerChar>8</prodBitPerChar>
        <prodBitPerDouble>64</prodBitPerDouble>
        <prodBitPerFloat>32</prodBitPerFloat>
        <prodBitPerInt>32</prodBitPerInt>
        <prodBitPerLong>32</prodBitPerLong>
        <prodBitPerLongLong>64</prodBitPerLongLong>
        <prodBitPerPointer>32</prodBitPerPointer>
        <prodBitPerPtrDiffT>32</prodBitPerPtrDiffT>
        <prodBitPerShort>16</prodBitPerShort>
        <prodBitPerSizeT>32</prodBitPerSizeT>
        <prodIntDivRoundTo>2</prodIntDivRoundTo>
        <prodLargestAtomicFloat>2</prodLargestAtomicFloat>
        <prodShiftRight>true</prodShiftRight>
        <prodWordSize>32</prodWordSize>
      </hardwareSettings>
    </configSettingsForConsistencyChecks>
    <controllableInputRatesMap type="ModelRefInfoRepo.VarTsUIDMap" uuid="1a44e46b-9a90-4c39-ac74-95f085120f1a"/>
    <controllableOutputRatesMap type="ModelRefInfoRepo.VarTsUIDMap" uuid="19516099-5bce-411a-b080-b0b3af22dc27"/>
    <dataPortGroup type="ModelRefInfoRepo.DataPortGroup" uuid="dfe5a5ed-3913-4ef0-b34c-ebb423e85731">
      <compDataInputPorts>0</compDataInputPorts>
      <compDataOutputPorts>0</compDataOutputPorts>
      <dataInputPorts>0</dataInputPorts>
      <dataOutputPorts>0</dataOutputPorts>
    </dataPortGroup>
    <expFcnUnconnectedDataPortGroup type="ModelRefInfoRepo.DataPortGroup" uuid="727b8617-3dbc-4804-8644-3fa999a068ae"/>
    <interfaceParameterInfo type="ModelRefInfoRepo.InterfaceParameterInfo" uuid="29e72cf9-6bc4-46fe-8735-950b626a797c">
      <modelArguments type="ModelRefInfoRepo.BuiltinParameter" uuid="9803994a-04a0-433e-b752-8b00c53f49a7">
        <dimensions>1</dimensions>
        <dimensions>1</dimensions>
        <isSimulinkParameterObj>true</isSimulinkParameterObj>
        <isUsed>true</isUsed>
        <numDimensions>2</numDimensions>
        <parameterName>nonlingain</parameterName>
      </modelArguments>
    </interfaceParameterInfo>
    <messageInfo type="ModelRefInfoRepo.MessageInformation" uuid="7338b09d-1b14-4f68-a808-a55754f26df8"/>
    <methodInfo type="ModelRefInfoRepo.MethodExistenceInfo" uuid="d27b5b59-a3bd-4cff-a375-c0cf00816519">
      <hasDerivMethod>true</hasDerivMethod>
      <hasForcingFunctionMethod>true</hasForcingFunctionMethod>
      <hasSystemInitializeMethod>true</hasSystemInitializeMethod>
      <hasSystemResetMethod>true</hasSystemResetMethod>
      <hasTerminateMethod>true</hasTerminateMethod>
      <hasUpdateMethod>true</hasUpdateMethod>
    </methodInfo>
    <periodicEventPortUnsupportedBlockInfo type="ModelRefInfoRepo.PeriodicEventPortUnsupportedBlockInfo" uuid="f48773f6-7de5-47d6-b111-56983a4bf9ce"/>
    <portGroupsRequireSameRate type="ModelRefInfoRepo.PortGroupsRequireSameRate" uuid="5b76c856-d5aa-436c-b997-ad72e0310a8e">
      <DSMPortGroups type="ModelRefInfoRepo.NameToPortGroupIdxVectMap" uuid="a903edd6-c6d9-4e59-91d9-a21dd46510b2"/>
      <GlobalDSMPortGroups type="ModelRefInfoRepo.NameToPortGroupIdxVectMap" uuid="e112a62a-777a-4704-b326-3c5633b515e8"/>
      <mergedPortGroups type="ModelRefInfoRepo.NameToPortGroupIdxVectMap" uuid="83fc98ef-1861-4241-9675-fd822d153a8a"/>
    </portGroupsRequireSameRate>
    <rateBasedMdlGlobalDSMRateSpec type="ModelRefInfoRepo.GlobalDSMRateSpecMap" uuid="fc24c805-3d5b-4776-b416-1395c67bef9b"/>
    <rateSpecOfGlobalDSMAccessedByDescExpFcnMdlMap type="ModelRefInfoRepo.GlobalDSMRateSpecMap" uuid="96f61f23-c607-46d5-907c-e30f6d49983a"/>
    <rootBlockDiagramInterface type="ci.Model" uuid="61e20d21-8c81-4754-a8d6-2bfdacb8abdd">
      <p_RootComponentInterface type="ci.ComponentInterface" uuid="412a4391-50bd-4e0e-9754-009492732364">
        <p_InputPorts type="ci.SignalInterface" uuid="d937b836-2223-4036-aa15-a2750a802c05">
          <p_ComputedNumericDimensions>1.0</p_ComputedNumericDimensions>
          <p_ComputedSampleTime>0.0</p_ComputedSampleTime>
          <p_ComputedSampleTime>0.0</p_ComputedSampleTime>
        </p_InputPorts>
        <p_Name>adcRef2</p_Name>
        <p_OutputPorts type="ci.SignalInterface" uuid="46c99cc7-845c-45e2-bbbd-c2fe93b7b506">
          <p_ComputedNumericDimensions>1.0</p_ComputedNumericDimensions>
          <p_ComputedSampleTime>1e-08</p_ComputedSampleTime>
          <p_ComputedSampleTime>0.0</p_ComputedSampleTime>
        </p_OutputPorts>
        <p_Type>ROOT</p_Type>
      </p_RootComponentInterface>
    </rootBlockDiagramInterface>
    <simulinkFunctions type="ModelRefInfoRepo.SimulinkFunctions" uuid="6971feeb-5c6b-4f2d-b400-fd775e93bc03">
      <compSimulinkFunctionCatalog></compSimulinkFunctionCatalog>
    </simulinkFunctions>
    <stateWriterToOwnerMap type="ModelRefInfoRepo.StateWriterInfo" uuid="8a672a1d-be86-4361-9b06-365cd0b35d84"/>
    <stoClientDataRegistry type="sto.ClientDataRegistry" uuid="afef676e-f3d1-4c09-93f5-0edbf0202edd">
      <dataSets type="sto.ClientClockNamedDataSet" uuid="d813bd6f-d3e0-4fe5-ae7c-5849dd0fe5e0">
        <tag>sltpEvents</tag>
      </dataSets>
      <dataSets type="sto.ClientTaskHierarchyElementNamedDataSet" uuid="441f778e-c850-4b93-86e3-bac1b441647f">
        <tag>sltpTaskGroups</tag>
      </dataSets>
      <dataSets type="sto.ClientTaskHierarchyElementNamedDataSet" uuid="6e44768c-27ae-4b9d-bf62-6aea58960e6a">
        <dSet type="ModelRefInfoRepo.SltpTaskData" uuid="6b6c7702-8e51-4d53-a1a1-1c5677e3f10d"/>
        <tSet type="ModelRefInfoRepo.SltpTaskData" uuid="6b6c7702-8e51-4d53-a1a1-1c5677e3f10d">
          <dataName>Cont</dataName>
          <linkedSet type="sto.ClientTaskHierarchyElementNamedDataSet" uuid="6e44768c-27ae-4b9d-bf62-6aea58960e6a"/>
          <id type="sto.TaskHierarchyElementId">
            <id>_task0</id>
          </id>
        </tSet>
        <tag>sltpTasks</tag>
      </dataSets>
    </stoClientDataRegistry>
    <typeTable type="type_info.TypeTable" uuid="35d814cf-dd6a-4afb-99d5-86713c0e0691">
      <Types type="type_info.Type" uuid="5b8e4267-3c94-415c-87c5-6f13cd1e1ead">
        <Name>action</Name>
      </Types>
      <Types type="type_info.NumericType" uuid="2aa8d874-ad51-4897-8336-183f0ffa05e3">
        <MxClassId>3</MxClassId>
        <Size>1</Size>
        <typeEnum>NUMERIC</typeEnum>
        <Name>boolean</Name>
      </Types>
      <Types type="type_info.NumericType" uuid="97d6874e-520e-431c-8a07-dbf6b321a380">
        <DataTypeId>1</DataTypeId>
        <MxClassId>6</MxClassId>
        <Size>8</Size>
        <typeEnum>NUMERIC</typeEnum>
        <Name>double</Name>
      </Types>
      <Types type="type_info.Type" uuid="3b5b823e-7ac1-4225-8a99-75d9246eae1e">
        <Name>fcn_call</Name>
      </Types>
      <Types type="type_info.NumericType" uuid="281d9ffb-edcf-4ab7-8d21-83aa31a8eef4">
        <MxClassId>10</MxClassId>
        <Size>2</Size>
        <typeEnum>NUMERIC</typeEnum>
        <Name>int16</Name>
      </Types>
      <Types type="type_info.NumericType" uuid="9fdefcc9-f4b3-48b9-a8bc-cd42f63abe1b">
        <MxClassId>12</MxClassId>
        <Size>4</Size>
        <Name>int32</Name>
      </Types>
      <Types type="type_info.FixedPointType" uuid="21a4d4d9-c43a-4ff1-97d3-c965b292e0f5">
        <DataTypeId>15</DataTypeId>
        <Size>8</Size>
        <typeEnum>FIXPOINT</typeEnum>
        <Name>int64</Name>
      </Types>
      <Types type="type_info.NumericType" uuid="86ef65d8-4c04-48a5-95cb-6da3695a91ed">
        <MxClassId>8</MxClassId>
        <Size>1</Size>
        <typeEnum>NUMERIC</typeEnum>
        <Name>int8</Name>
      </Types>
      <Types type="type_info.Type" uuid="77ad8f14-8be1-4dea-9a60-367b168d2872">
        <Name>integer</Name>
      </Types>
      <Types type="type_info.Type" uuid="a8fa6681-4c1a-46db-96a4-9d76edd7b30d">
        <Name>physical_connection</Name>
      </Types>
      <Types type="type_info.Type" uuid="2f446b7b-f82d-475d-8a97-79753a25819c">
        <Name>pointer</Name>
      </Types>
      <Types type="type_info.NumericType" uuid="58c5ffc2-a622-4a71-a826-c8657295270f">
        <MxClassId>7</MxClassId>
        <Size>4</Size>
        <typeEnum>NUMERIC</typeEnum>
        <Name>single</Name>
      </Types>
      <Types type="type_info.Type" uuid="9ad12cf6-3f5c-4123-8fd8-caa7fe81e3f3">
        <Name>timer_uint32_pair</Name>
      </Types>
      <Types type="type_info.NumericType" uuid="541e5c1b-596d-48fc-b7cf-6237ddcea0aa">
        <MxClassId>11</MxClassId>
        <Size>2</Size>
        <typeEnum>NUMERIC</typeEnum>
        <Name>uint16</Name>
      </Types>
      <Types type="type_info.NumericType" uuid="adc0cc7a-3766-41f1-852b-c3624fe7aade">
        <MxClassId>13</MxClassId>
        <Size>4</Size>
        <typeEnum>NUMERIC</typeEnum>
        <Name>uint32</Name>
      </Types>
      <Types type="type_info.FixedPointType" uuid="8c6e54a4-6bdc-4e8d-8097-f1d2a364a75e">
        <DataTypeId>16</DataTypeId>
        <Size>8</Size>
        <typeEnum>FIXPOINT</typeEnum>
        <Name>uint64</Name>
      </Types>
      <Types type="type_info.NumericType" uuid="283a9366-0479-4c7b-8198-306d0539ded5">
        <MxClassId>9</MxClassId>
        <Size>1</Size>
        <typeEnum>NUMERIC</typeEnum>
        <Name>uint8</Name>
      </Types>
      <isInitialized>true</isInitialized>
    </typeTable>
    <valueInterfaceParameters type="ModelRefInfoRepo.ValueInterfaceInfoMap" uuid="78d88792-a946-482a-987c-b6f0e8d489cd">
      <entries type="ModelRefInfoRepo.ValueInterfaceInfo" uuid="184d4bcf-8d04-4e82-94e5-404cc880c5e6">
        <name>nonlingain</name>
      </entries>
    </valueInterfaceParameters>
    <varTsUIDMap type="ModelRefInfoRepo.VarTsUIDMap" uuid="951815fa-5ccd-4a74-9252-e116a6bcab22"/>
  </ModelRefInfoRepo.ModelRefInfoRoot>
</MF0>