<?xml version="1.0" encoding="UTF-8"?>
<MF0 version="1.1" packageUris="http://schema.mathworks.com/mf0/ci/19700101 http://schema.mathworks.com/mf0/sl_modelref_info/R2022a http://schema.mathworks.com/mf0/slexec_mm_sto/R2022a_202107291127">
  <ModelRefInfoRepo.ModelRefInfoRoot type="ModelRefInfoRepo.ModelRefInfoRoot" uuid="364f90c0-3f6a-42bc-8425-20f0c54124b8">
    <childModelRefInfo type="ModelRefInfoRepo.ChildModelRefInfo" uuid="900946ef-5c15-400c-8541-d09dc5598c3a">
      <modelName>adcRef2</modelName>
      <modelPath>adcRef2</modelPath>
    </childModelRefInfo>
    <compDerivCacheNeedsReset>false</compDerivCacheNeedsReset>
    <compToGrInputPortMaps type="ModelRefInfoRepo.GrCompIOPortMaps" uuid="a03e6dc1-8fb3-43ed-aae4-0ff654f44316">
      <grAndCompPorts>0</grAndCompPorts>
      <grAndCompPorts>0</grAndCompPorts>
    </compToGrInputPortMaps>
    <compToGrOutputPortMaps type="ModelRefInfoRepo.GrCompIOPortMaps" uuid="35290fea-4798-4f59-bfc8-7254279317db">
      <grAndCompPorts>0</grAndCompPorts>
      <grAndCompPorts>0</grAndCompPorts>
    </compToGrOutputPortMaps>
    <compZcCacheNeedsReset>false</compZcCacheNeedsReset>
    <dataTransferInfos>AAFJTQAAAAAOAAAAOAAAAAYAAAAIAAAAAgAAAAAAAAAFAAAACAAAAAAAAAABAAAAAQAAAAAAAAAFAAQAAQAAAAEAAAAAAAAA</dataTransferInfos>
    <defaultsCMapping>{&quot;Inports&quot;:&quot;{\&quot;Name\&quot;:\&quot;Default\&quot;,\&quot;Checksum\&quot;:\&quot;Default\&quot;,\&quot;PerInstancePropertiesChecksum\&quot;:\&quot;\&quot;,\&quot;MemorySectionName\&quot;:\&quot;None\&quot;,\&quot;MemorySectionChecksum\&quot;:\&quot;None\&quot;}&quot;,&quot;Outports&quot;:&quot;{\&quot;Name\&quot;:\&quot;Default\&quot;,\&quot;Checksum\&quot;:\&quot;Default\&quot;,\&quot;PerInstancePropertiesChecksum\&quot;:\&quot;\&quot;,\&quot;MemorySectionName\&quot;:\&quot;None\&quot;,\&quot;MemorySectionChecksum\&quot;:\&quot;None\&quot;}&quot;,&quot;ParameterArguments&quot;:&quot;{\&quot;Name\&quot;:\&quot;Default\&quot;,\&quot;Checksum\&quot;:\&quot;Default\&quot;,\&quot;PerInstancePropertiesChecksum\&quot;:\&quot;\&quot;,\&quot;MemorySectionName\&quot;:\&quot;None\&quot;,\&quot;MemorySectionChecksum\&quot;:\&quot;None\&quot;}&quot;,&quot;LocalParameters&quot;:&quot;{\&quot;Name\&quot;:\&quot;Default\&quot;,\&quot;Checksum\&quot;:\&quot;Default\&quot;,\&quot;PerInstancePropertiesChecksum\&quot;:\&quot;\&quot;,\&quot;MemorySectionName\&quot;:\&quot;None\&quot;,\&quot;MemorySectionChecksum\&quot;:\&quot;None\&quot;}&quot;,&quot;GlobalParameters&quot;:&quot;{\&quot;Name\&quot;:\&quot;Default\&quot;,\&quot;Checksum\&quot;:\&quot;Default\&quot;,\&quot;PerInstancePropertiesChecksum\&quot;:\&quot;\&quot;,\&quot;MemorySectionName\&quot;:\&quot;None\&quot;,\&quot;MemorySectionChecksum\&quot;:\&quot;None\&quot;}&quot;,&quot;InternalData&quot;:&quot;{\&quot;Name\&quot;:\&quot;Default\&quot;,\&quot;Checksum\&quot;:\&quot;Default\&quot;,\&quot;PerInstancePropertiesChecksum\&quot;:\&quot;\&quot;,\&quot;MemorySectionName\&quot;:\&quot;None\&quot;,\&quot;MemorySectionChecksum\&quot;:\&quot;None\&quot;}&quot;,&quot;SharedLocalDataStores&quot;:&quot;{\&quot;Name\&quot;:\&quot;Default\&quot;,\&quot;Checksum\&quot;:\&quot;Default\&quot;,\&quot;PerInstancePropertiesChecksum\&quot;:\&quot;\&quot;,\&quot;MemorySectionName\&quot;:\&quot;None\&quot;,\&quot;MemorySectionChecksum\&quot;:\&quot;None\&quot;}&quot;,&quot;GlobalDataStores&quot;:&quot;{\&quot;Name\&quot;:\&quot;Default\&quot;,\&quot;Checksum\&quot;:\&quot;Default\&quot;,\&quot;PerInstancePropertiesChecksum\&quot;:\&quot;\&quot;,\&quot;MemorySectionName\&quot;:\&quot;None\&quot;,\&quot;MemorySectionChecksum\&quot;:\&quot;None\&quot;}&quot;,&quot;Constants&quot;:&quot;{\&quot;Name\&quot;:\&quot;Default\&quot;,\&quot;Checksum\&quot;:\&quot;Default\&quot;,\&quot;PerInstancePropertiesChecksum\&quot;:\&quot;\&quot;,\&quot;MemorySectionName\&quot;:\&quot;None\&quot;,\&quot;MemorySectionChecksum\&quot;:\&quot;None\&quot;}&quot;,&quot;DataTransfers&quot;:&quot;{\&quot;Name\&quot;:\&quot;Default\&quot;,\&quot;Checksum\&quot;:\&quot;Default\&quot;,\&quot;PerInstancePropertiesChecksum\&quot;:\&quot;\&quot;,\&quot;MemorySectionName\&quot;:\&quot;None\&quot;,\&quot;MemorySectionChecksum\&quot;:\&quot;None\&quot;}&quot;,&quot;ModelData&quot;:&quot;{\&quot;Name\&quot;:\&quot;Default\&quot;,\&quot;Checksum\&quot;:\&quot;Default\&quot;,\&quot;PerInstancePropertiesChecksum\&quot;:\&quot;\&quot;,\&quot;MemorySectionName\&quot;:\&quot;None\&quot;,\&quot;MemorySectionChecksum\&quot;:\&quot;None\&quot;}&quot;,&quot;InitializeTerminate&quot;:&quot;{\&quot;Name\&quot;:\&quot;Default\&quot;,\&quot;Checksum\&quot;:\&quot;Default\&quot;,\&quot;PerInstancePropertiesChecksum\&quot;:\&quot;\&quot;,\&quot;MemorySectionName\&quot;:\&quot;None\&quot;,\&quot;MemorySectionChecksum\&quot;:\&quot;None\&quot;}&quot;,&quot;Execution&quot;:&quot;{\&quot;Name\&quot;:\&quot;Default\&quot;,\&quot;Checksum\&quot;:\&quot;Default\&quot;,\&quot;PerInstancePropertiesChecksum\&quot;:\&quot;\&quot;,\&quot;MemorySectionName\&quot;:\&quot;None\&quot;,\&quot;MemorySectionChecksum\&quot;:\&quot;None\&quot;}&quot;,&quot;SharedUtility&quot;:&quot;{\&quot;Name\&quot;:\&quot;Default\&quot;,\&quot;Checksum\&quot;:\&quot;Default\&quot;,\&quot;PerInstancePropertiesChecksum\&quot;:\&quot;\&quot;,\&quot;MemorySectionName\&quot;:\&quot;None\&quot;,\&quot;MemorySectionChecksum\&quot;:\&quot;None\&quot;}&quot;}</defaultsCMapping>
    <grToCompInputPortsMaps type="ModelRefInfoRepo.GrCompIOPortMaps" uuid="7d65a8a7-33ea-4079-86ea-b79855f9921d">
      <grAndCompPorts>0</grAndCompPorts>
      <grAndCompPorts>0</grAndCompPorts>
    </grToCompInputPortsMaps>
    <grToCompOutputPortsMaps type="ModelRefInfoRepo.GrCompIOPortMaps" uuid="58b2c6d5-c410-4ba5-bfd8-4ee4bd3589df">
      <grAndCompPorts>0</grAndCompPorts>
      <grAndCompPorts>0</grAndCompPorts>
    </grToCompOutputPortsMaps>
    <hasBlockUsingZOHContinuousSampleTime>true</hasBlockUsingZOHContinuousSampleTime>
    <hasBlockWithPeriodicDiscreteSampleTime>true</hasBlockWithPeriodicDiscreteSampleTime>
    <hasBwsAccessed>true</hasBwsAccessed>
    <hasBwsAccessedByAnyModel>true</hasBwsAccessedByAnyModel>
    <hasConstantOutput>false</hasConstantOutput>
    <hasContinuousSampleTime>true</hasContinuousSampleTime>
    <hasModelWideEventTs>false</hasModelWideEventTs>
    <hasNoncontSigFeedingDerivPorts>true</hasNoncontSigFeedingDerivPorts>
    <hasParallelForEachBlocker>true</hasParallelForEachBlocker>
    <inports type="ModelRefInfoRepo.InportInformation" uuid="b5745e93-11d8-44d7-835e-7c9d5ea706d3">
      <isNotDerivPort>true</isNotDerivPort>
      <designMax>Inf</designMax>
      <designMin>-Inf</designMin>
      <indexType>2</indexType>
      <rateInfos type="ModelRefInfoRepo.RateInfo">
        <compiled>true</compiled>
        <period>0.0</period>
        <priority>40</priority>
        <rateIdx>0</rateIdx>
      </rateInfos>
      <resolvedSignalObject></resolvedSignalObject>
      <executionInterface type="ModelRefInfoRepo.InputExecutionInterface" uuid="74395983-48ac-4e51-9f47-3bc78befb95c"/>
      <sigNameToEMVCEMap type="ModelRefInfoRepo.SigNameEMVCEInfo" uuid="73774523-7f97-4b50-9814-3e1411768026"/>
    </inports>
    <isAperiodicRootFcnCallSystem>false</isAperiodicRootFcnCallSystem>
    <isInlineParamsOn>true</isInlineParamsOn>
    <isOrigInportVirtualBus>false</isOrigInportVirtualBus>
    <isOrigOutportVirtualBus>false</isOrigOutportVirtualBus>
    <isPreCompSingleRate>false</isPreCompSingleRate>
    <isRefModelConstant>false</isRefModelConstant>
    <isRootFcnCallPortGroupsEmpty>true</isRootFcnCallPortGroupsEmpty>
    <loggingSaveFormat>4</loggingSaveFormat>
    <massMatrixNzMax>3</massMatrixNzMax>
    <maxFreqHz>-1.0</maxFreqHz>
    <numCStateRecs>1</numCStateRecs>
    <numContinuousStates>3</numContinuousStates>
    <numDataInputPorts>1</numDataInputPorts>
    <numLoggableCStateRecs>1</numLoggableCStateRecs>
    <numLoggableJacobianDStates>0</numLoggableJacobianDStates>
    <numModelWideEventTs>0</numModelWideEventTs>
    <numPortlessSimulinkFunctionPortGroups>0</numPortlessSimulinkFunctionPortGroups>
    <numRuntimeExportedRates>3</numRuntimeExportedRates>
    <numTs>3</numTs>
    <origInportBusType></origInportBusType>
    <origOutportBusOutputAsStruct>false</origOutportBusOutputAsStruct>
    <origOutportBusType></origOutportBusType>
    <outports type="ModelRefInfoRepo.OutportInformation" uuid="2ff7dc64-0942-40b0-91c8-a792376a7265">
      <okToMerge>1</okToMerge>
      <designMax>Inf</designMax>
      <designMin>-Inf</designMin>
      <indexType>2</indexType>
      <rateInfos type="ModelRefInfoRepo.RateInfo">
        <compiled>true</compiled>
        <nonFcnCallPartitionName>Cont</nonFcnCallPartitionName>
        <period>1e-08</period>
        <priority>40</priority>
        <rateIdx>2</rateIdx>
      </rateInfos>
      <resolvedSignalObject></resolvedSignalObject>
      <executionInterface type="ModelRefInfoRepo.OutputExecutionInterface" uuid="af293dde-ad62-4639-bae8-c0e72684d409"/>
      <sigNameToEMVCEMap type="ModelRefInfoRepo.SigNameEMVCEInfo" uuid="4c0ee553-290e-492f-aaa8-5d78c874286c"/>
    </outports>
    <preCompAllowConstTsOnPorts>false</preCompAllowConstTsOnPorts>
    <preCompAllowPortBasedInTriggeredSS>false</preCompAllowPortBasedInTriggeredSS>
    <runtimeNonFcnCallRateInfos type="ModelRefInfoRepo.RateInfo">
      <compiled>true</compiled>
      <period>0.0</period>
      <priority>40</priority>
      <rateIdx>0</rateIdx>
    </runtimeNonFcnCallRateInfos>
    <runtimeNonFcnCallRateInfos type="ModelRefInfoRepo.RateInfo">
      <compiled>true</compiled>
      <offset>1.0</offset>
      <period>0.0</period>
      <priority>40</priority>
      <rateIdx>1</rateIdx>
    </runtimeNonFcnCallRateInfos>
    <runtimeNonFcnCallRateInfos type="ModelRefInfoRepo.RateInfo">
      <compiled>true</compiled>
      <nonFcnCallPartitionName>Cont</nonFcnCallPartitionName>
      <period>1e-08</period>
      <priority>40</priority>
      <rateIdx>2</rateIdx>
    </runtimeNonFcnCallRateInfos>
    <sampleTimeInheritanceRule>2</sampleTimeInheritanceRule>
    <solverStatusFlags>329</solverStatusFlags>
    <timingAndTaskingRegistry>&lt;?xml version=&quot;1.0&quot;?&gt;
&lt;slexec_sto version=&quot;1.1&quot; packageUris=&quot;http://schema.mathworks.com/mf0/slexec_mm_sto/R2022a_202107291127&quot;&gt;
  &lt;sto.Registry type=&quot;sto.Registry&quot; uuid=&quot;4407b959-f1e2-4410-900c-5a16749b857b&quot;&gt;
    &lt;clocks type=&quot;sto.Timer&quot; uuid=&quot;af737090-ae1c-46d5-af54-eac36f8e35af&quot;&gt;
      &lt;computedFundamentalDiscretePeriod&gt;1e-08&lt;/computedFundamentalDiscretePeriod&gt;
      &lt;rates type=&quot;sto.ContinuousRate&quot; uuid=&quot;58992c71-8a63-4ea8-ad51-9f2b601d11ca&quot;&gt;
        &lt;annotation&gt;Cont&lt;/annotation&gt;
        &lt;description&gt;Continuous&lt;/description&gt;
        &lt;taskId&gt;_task0&lt;/taskId&gt;
        &lt;rateSpec type=&quot;sto.RateSpec&quot; uuid=&quot;1881a69c-9dcc-471f-9171-b3de5ea0e806&quot;/&gt;
      &lt;/rates&gt;
      &lt;rates type=&quot;sto.ZOHContinuousRate&quot; uuid=&quot;43850d98-c23b-403b-a60f-e366698681de&quot;&gt;
        &lt;annotation&gt;FiM&lt;/annotation&gt;
        &lt;colorIndex&gt;8&lt;/colorIndex&gt;
        &lt;description&gt;Fixed in Minor Step&lt;/description&gt;
        &lt;rateIdx&gt;1&lt;/rateIdx&gt;
        &lt;taskId&gt;_task0&lt;/taskId&gt;
        &lt;rateSpec type=&quot;sto.RateSpec&quot; uuid=&quot;38d17aaa-b7f5-4036-8ba7-2531ae04d0de&quot;&gt;
          &lt;offset&gt;1.0&lt;/offset&gt;
          &lt;rateType&gt;ZOHContinuous&lt;/rateType&gt;
        &lt;/rateSpec&gt;
      &lt;/rates&gt;
      &lt;rates type=&quot;sto.ClassicPeriodicDiscreteRate&quot; uuid=&quot;9a950537-590a-4f89-90d1-872f7f6ec3fc&quot;&gt;
        &lt;annotation&gt;D1&lt;/annotation&gt;
        &lt;colorIndex&gt;2&lt;/colorIndex&gt;
        &lt;description&gt;Discrete 1&lt;/description&gt;
        &lt;rateIdx&gt;2&lt;/rateIdx&gt;
        &lt;taskId&gt;_task0&lt;/taskId&gt;
        &lt;rateSpec type=&quot;sto.RateSpec&quot; uuid=&quot;b64f652a-837f-4f9b-b714-23516f060133&quot;&gt;
          &lt;period&gt;1e-08&lt;/period&gt;
          &lt;rateType&gt;ClassicPeriodicDiscrete&lt;/rateType&gt;
        &lt;/rateSpec&gt;
      &lt;/rates&gt;
      &lt;baseRate type=&quot;sto.ContinuousRate&quot; uuid=&quot;6539194d-5b29-4755-b09c-f4da434c49c6&quot;&gt;
        &lt;annotation&gt;Cont&lt;/annotation&gt;
        &lt;description&gt;Continuous&lt;/description&gt;
        &lt;taskId&gt;_task0&lt;/taskId&gt;
        &lt;rateSpec type=&quot;sto.RateSpec&quot; uuid=&quot;4d0278d3-f1c5-448b-9268-4c3a476760da&quot;/&gt;
      &lt;/baseRate&gt;
    &lt;/clocks&gt;
    &lt;executionSpec&gt;Undetermined&lt;/executionSpec&gt;
    &lt;taskPriorityDirection&gt;HighNumberLast&lt;/taskPriorityDirection&gt;
    &lt;taskRegistry type=&quot;sto.TaskRegistry&quot; uuid=&quot;2e4a1f90-4305-4226-b9b0-09e5fd71aca8&quot;&gt;
      &lt;rootTaskHierarchyElements type=&quot;sto.Task&quot; uuid=&quot;abf255d8-ac76-44e6-8e5c-d082f9631a46&quot;&gt;
        &lt;isExecutable&gt;true&lt;/isExecutable&gt;
        &lt;orderIndex&gt;1&lt;/orderIndex&gt;
        &lt;rates type=&quot;sto.ContinuousRate&quot; uuid=&quot;6ed79b38-1ab4-4ce8-8cb8-a149520226ad&quot;&gt;
          &lt;annotation&gt;Cont&lt;/annotation&gt;
          &lt;description&gt;Continuous&lt;/description&gt;
          &lt;taskId&gt;_task0&lt;/taskId&gt;
          &lt;rateSpec type=&quot;sto.RateSpec&quot; uuid=&quot;f8e9ae77-b72f-4c2a-9e9d-875b608e44bc&quot;/&gt;
        &lt;/rates&gt;
        &lt;rates type=&quot;sto.ZOHContinuousRate&quot; uuid=&quot;4b518ab2-4948-4129-a745-32eb749a7a86&quot;&gt;
          &lt;annotation&gt;FiM&lt;/annotation&gt;
          &lt;colorIndex&gt;8&lt;/colorIndex&gt;
          &lt;description&gt;Fixed in Minor Step&lt;/description&gt;
          &lt;rateIdx&gt;1&lt;/rateIdx&gt;
          &lt;taskId&gt;_task0&lt;/taskId&gt;
          &lt;rateSpec type=&quot;sto.RateSpec&quot; uuid=&quot;7bce200b-803d-48d6-8e5c-7abfcea3df01&quot;&gt;
            &lt;offset&gt;1.0&lt;/offset&gt;
            &lt;rateType&gt;ZOHContinuous&lt;/rateType&gt;
          &lt;/rateSpec&gt;
        &lt;/rates&gt;
        &lt;rates type=&quot;sto.ClassicPeriodicDiscreteRate&quot; uuid=&quot;22cf34e0-c89a-4d35-b8a1-7052bcd46a58&quot;&gt;
          &lt;annotation&gt;D1&lt;/annotation&gt;
          &lt;colorIndex&gt;2&lt;/colorIndex&gt;
          &lt;description&gt;Discrete 1&lt;/description&gt;
          &lt;rateIdx&gt;2&lt;/rateIdx&gt;
          &lt;taskId&gt;_task0&lt;/taskId&gt;
          &lt;rateSpec type=&quot;sto.RateSpec&quot; uuid=&quot;73b25f1b-3678-4fd7-8b51-be45f2bf479d&quot;&gt;
            &lt;period&gt;1e-08&lt;/period&gt;
            &lt;rateType&gt;ClassicPeriodicDiscrete&lt;/rateType&gt;
          &lt;/rateSpec&gt;
        &lt;/rates&gt;
        &lt;elementType&gt;Task&lt;/elementType&gt;
        &lt;identifier&gt;_task0&lt;/identifier&gt;
        &lt;priority&gt;40&lt;/priority&gt;
      &lt;/rootTaskHierarchyElements&gt;
      &lt;taskDependencyGraph type=&quot;sto.SerializedTaskConnectionList&quot; uuid=&quot;de06f3a4-c836-44fd-bbf4-2ec782f3caff&quot;&gt;
        &lt;taskIdentifier&gt;_task0&lt;/taskIdentifier&gt;
      &lt;/taskDependencyGraph&gt;
    &lt;/taskRegistry&gt;
  &lt;/sto.Registry&gt;
&lt;/slexec_sto&gt;</timingAndTaskingRegistry>
    <usePortBasedSampleTime>false</usePortBasedSampleTime>
    <FMUBlockMap type="ModelRefInfoRepo.FMUBlockInfo" uuid="e90f0eff-e4b5-40f5-a4ed-d5d7178d4c9c"/>
    <argumentParameterSourceMap type="ModelRefInfoRepo.ArgumentValueSourceMap" uuid="aa1c4412-969a-4e77-89bf-188532cd451c">
      <entries type="ModelRefInfoRepo.ArgumentValueSource" uuid="31a2aa72-a173-49d0-b46d-60bd37c973e8">
        <name>nonlingain</name>
        <srcPath>adcRef2</srcPath>
        <srcPrmName>nonlingain</srcPrmName>
      </entries>
    </argumentParameterSourceMap>
    <argumentParameters type="ModelRefInfoRepo.ArgumentValueMap" uuid="a2b780da-e498-4e03-abd6-b8336e7b2c8f">
      <entries type="ModelRefInfoRepo.ArgumentValue" uuid="a21becbd-9d3a-430f-87bb-e34f0d90bcd9">
        <name>nonlingain</name>
        <value>AAFJTQAAAAAOAAAAOAAAAAYAAAAIAAAABgAAAAAAAAAFAAAACAAAAAEAAAABAAAAAQAAAAAAAAAJAAAACAAAAJqZmZmZmbk/</value>
      </entries>
    </argumentParameters>
    <codeGenInfo type="ModelRefInfoRepo.CodeGenInformation" uuid="df822ca9-0d20-4331-b2e7-23942edf718c">
      <DWorkTypeName>hkcgqaaszhy</DWorkTypeName>
    </codeGenInfo>
    <compiledVariantInfos type="ModelRefInfoRepo.CompiledVariantInfoMap" uuid="e32c5880-f237-4264-9bcd-022721a62ec4"/>
    <configSettingsForConsistencyChecks type="ModelRefInfoRepo.ConfigSettingsForConsistencyChecks" uuid="c5710265-332c-471f-8f6a-343b8c457894">
      <frameDiagnosticSetting>2</frameDiagnosticSetting>
      <signalLoggingSaveFormat>2</signalLoggingSaveFormat>
      <simSIMDOptimization>1</simSIMDOptimization>
      <solverName>ode113</solverName>
      <hardwareSettings type="ModelRefInfoRepo.HardwareSettings" uuid="67b38477-845b-424c-ac62-ca87113ee1c4">
        <prodBitPerChar>8</prodBitPerChar>
        <prodBitPerDouble>64</prodBitPerDouble>
        <prodBitPerFloat>32</prodBitPerFloat>
        <prodBitPerInt>32</prodBitPerInt>
        <prodBitPerLong>32</prodBitPerLong>
        <prodBitPerLongLong>64</prodBitPerLongLong>
        <prodBitPerPointer>32</prodBitPerPointer>
        <prodBitPerPtrDiffT>32</prodBitPerPtrDiffT>
        <prodBitPerShort>16</prodBitPerShort>
        <prodBitPerSizeT>32</prodBitPerSizeT>
        <prodIntDivRoundTo>2</prodIntDivRoundTo>
        <prodLargestAtomicFloat>2</prodLargestAtomicFloat>
        <prodShiftRight>true</prodShiftRight>
        <prodWordSize>32</prodWordSize>
      </hardwareSettings>
    </configSettingsForConsistencyChecks>
    <controllableInputRatesMap type="ModelRefInfoRepo.VarTsUIDMap" uuid="c7ebb98b-442a-47e0-9b2f-cd728336d8ef"/>
    <controllableOutputRatesMap type="ModelRefInfoRepo.VarTsUIDMap" uuid="83325f3e-7930-4ac5-b4bd-8a18ba61e428"/>
    <dataPortGroup type="ModelRefInfoRepo.DataPortGroup" uuid="ec1f90cb-a541-4a3b-b964-1ccb95fa8aa0">
      <compDataInputPorts>0</compDataInputPorts>
      <compDataOutputPorts>0</compDataOutputPorts>
      <dataInputPorts>0</dataInputPorts>
      <dataOutputPorts>0</dataOutputPorts>
    </dataPortGroup>
    <expFcnUnconnectedDataPortGroup type="ModelRefInfoRepo.DataPortGroup" uuid="1b734e7f-729b-4951-96d7-a0d2efb14379"/>
    <interfaceParameterInfo type="ModelRefInfoRepo.InterfaceParameterInfo" uuid="de1298cd-ee48-4ef4-8a99-b7a67580b522">
      <modelArguments type="ModelRefInfoRepo.BuiltinParameter" uuid="b4ce236c-9f87-4679-beea-064a46046f9e">
        <dimensions>1</dimensions>
        <dimensions>1</dimensions>
        <isSimulinkParameterObj>true</isSimulinkParameterObj>
        <isUsed>true</isUsed>
        <numDimensions>2</numDimensions>
        <parameterName>nonlingain</parameterName>
      </modelArguments>
    </interfaceParameterInfo>
    <messageInfo type="ModelRefInfoRepo.MessageInformation" uuid="1b54ae40-351e-4497-aedd-c3d3a12f3912"/>
    <methodInfo type="ModelRefInfoRepo.MethodExistenceInfo" uuid="0567e57e-6c7b-450f-bac8-c98e3fc1121c">
      <hasDerivMethod>true</hasDerivMethod>
      <hasForcingFunctionMethod>true</hasForcingFunctionMethod>
      <hasSystemInitializeMethod>true</hasSystemInitializeMethod>
      <hasSystemResetMethod>true</hasSystemResetMethod>
      <hasTerminateMethod>true</hasTerminateMethod>
      <hasUpdateMethod>true</hasUpdateMethod>
    </methodInfo>
    <periodicEventPortUnsupportedBlockInfo type="ModelRefInfoRepo.PeriodicEventPortUnsupportedBlockInfo" uuid="ae75109e-d6ca-4128-835e-de01190749f1"/>
    <portGroupsRequireSameRate type="ModelRefInfoRepo.PortGroupsRequireSameRate" uuid="60571446-2dee-4fe8-b66a-a7322593e6ef">
      <DSMPortGroups type="ModelRefInfoRepo.NameToPortGroupIdxVectMap" uuid="ef42769d-e87d-401c-bc37-c73de88f8d42"/>
      <GlobalDSMPortGroups type="ModelRefInfoRepo.NameToPortGroupIdxVectMap" uuid="b00ce952-f223-4f2e-9213-16cd8fc300e6"/>
      <mergedPortGroups type="ModelRefInfoRepo.NameToPortGroupIdxVectMap" uuid="fdfdadc6-4c07-477d-bcac-54603f4b2590"/>
    </portGroupsRequireSameRate>
    <rateBasedMdlGlobalDSMRateSpec type="ModelRefInfoRepo.GlobalDSMRateSpecMap" uuid="8ee7e1c5-9a4f-42b6-9f0f-f84ac7f15ba8"/>
    <rateSpecOfGlobalDSMAccessedByDescExpFcnMdlMap type="ModelRefInfoRepo.GlobalDSMRateSpecMap" uuid="3035a7ee-f2de-4118-a05d-6ff70d63cb7c"/>
    <rootBlockDiagramInterface type="ci.Model" uuid="2d13e0bc-0b44-4083-8c07-6f258016c3c0">
      <p_RootComponentInterface type="ci.ComponentInterface" uuid="ba1f97c4-4bf0-45d5-b05b-574341ab94bb">
        <p_InputPorts type="ci.SignalInterface" uuid="c8f6bf53-f868-4970-bf24-2298e19065a1">
          <p_ComputedNumericDimensions>1.0</p_ComputedNumericDimensions>
          <p_ComputedSampleTime>0.0</p_ComputedSampleTime>
          <p_ComputedSampleTime>0.0</p_ComputedSampleTime>
        </p_InputPorts>
        <p_Name>adcRef2</p_Name>
        <p_OutputPorts type="ci.SignalInterface" uuid="320a1ad3-c4ed-4f68-8d6f-af8764db60ac">
          <p_ComputedNumericDimensions>1.0</p_ComputedNumericDimensions>
          <p_ComputedSampleTime>1e-08</p_ComputedSampleTime>
          <p_ComputedSampleTime>0.0</p_ComputedSampleTime>
        </p_OutputPorts>
        <p_Type>ROOT</p_Type>
      </p_RootComponentInterface>
    </rootBlockDiagramInterface>
    <simulinkFunctions type="ModelRefInfoRepo.SimulinkFunctions" uuid="31b10a0d-b261-42bf-bac6-57892bfbdaa0">
      <compSimulinkFunctionCatalog></compSimulinkFunctionCatalog>
    </simulinkFunctions>
    <stateWriterToOwnerMap type="ModelRefInfoRepo.StateWriterInfo" uuid="d8809a16-5dc7-4747-9d57-c99cfb176370"/>
    <stoClientDataRegistry type="sto.ClientDataRegistry" uuid="b362ca55-80cd-430e-b124-c27ad8adb40d">
      <dataSets type="sto.ClientClockNamedDataSet" uuid="4f969dde-0112-4f61-9c9c-060d0a4dd10f">
        <tag>sltpEvents</tag>
      </dataSets>
      <dataSets type="sto.ClientTaskHierarchyElementNamedDataSet" uuid="a56ab12e-8dd6-488a-bea9-756468d2e35f">
        <tag>sltpTaskGroups</tag>
      </dataSets>
      <dataSets type="sto.ClientTaskHierarchyElementNamedDataSet" uuid="77afba5e-dc90-472a-a69d-fda8fa581587">
        <dSet type="ModelRefInfoRepo.SltpTaskData" uuid="e4bd7a61-78e2-417a-8783-c06c078e8a76"/>
        <tSet type="ModelRefInfoRepo.SltpTaskData" uuid="e4bd7a61-78e2-417a-8783-c06c078e8a76">
          <dataName>Cont</dataName>
          <linkedSet type="sto.ClientTaskHierarchyElementNamedDataSet" uuid="77afba5e-dc90-472a-a69d-fda8fa581587"/>
          <id type="sto.TaskHierarchyElementId">
            <id>_task0</id>
          </id>
        </tSet>
        <tag>sltpTasks</tag>
      </dataSets>
    </stoClientDataRegistry>
    <typeTable type="type_info.TypeTable" uuid="bdcd67db-590d-461d-96c5-2eade8abb37c">
      <Types type="type_info.Type" uuid="cfd08f1a-f4e1-471c-86f7-a34924fce145">
        <Name>action</Name>
      </Types>
      <Types type="type_info.NumericType" uuid="496d033c-a0fb-4e9d-b575-ab8d2b868dae">
        <MxClassId>3</MxClassId>
        <Size>1</Size>
        <typeEnum>NUMERIC</typeEnum>
        <Name>boolean</Name>
      </Types>
      <Types type="type_info.NumericType" uuid="1b97aaf2-753e-47b4-9232-3af1ad67243b">
        <DataTypeId>1</DataTypeId>
        <MxClassId>6</MxClassId>
        <Size>8</Size>
        <typeEnum>NUMERIC</typeEnum>
        <Name>double</Name>
      </Types>
      <Types type="type_info.Type" uuid="1a48568a-12af-4d3a-8ae7-4e02f92762c0">
        <Name>fcn_call</Name>
      </Types>
      <Types type="type_info.NumericType" uuid="7468639b-457e-4ad3-9fec-e0c647d91639">
        <MxClassId>10</MxClassId>
        <Size>2</Size>
        <typeEnum>NUMERIC</typeEnum>
        <Name>int16</Name>
      </Types>
      <Types type="type_info.NumericType" uuid="ec5f76d3-7bee-4845-a3e2-9c8dd56330c8">
        <MxClassId>12</MxClassId>
        <Size>4</Size>
        <Name>int32</Name>
      </Types>
      <Types type="type_info.FixedPointType" uuid="8908cd01-f0dc-42b9-90a9-f6f52952eca5">
        <DataTypeId>15</DataTypeId>
        <Size>8</Size>
        <typeEnum>FIXPOINT</typeEnum>
        <Name>int64</Name>
      </Types>
      <Types type="type_info.NumericType" uuid="a34d1aa7-46cf-496e-b80e-ff137e44ff3d">
        <MxClassId>8</MxClassId>
        <Size>1</Size>
        <typeEnum>NUMERIC</typeEnum>
        <Name>int8</Name>
      </Types>
      <Types type="type_info.Type" uuid="9a78cef9-d228-4674-8b75-491b5a70de57">
        <Name>integer</Name>
      </Types>
      <Types type="type_info.Type" uuid="dd44d67b-10e4-4ab5-9f80-9b44bf5b1085">
        <Name>physical_connection</Name>
      </Types>
      <Types type="type_info.Type" uuid="79d47d99-c9d0-43a2-a30b-3e369ff74481">
        <Name>pointer</Name>
      </Types>
      <Types type="type_info.NumericType" uuid="2d356364-2528-4838-bcfb-4e549a3e50f0">
        <MxClassId>7</MxClassId>
        <Size>4</Size>
        <typeEnum>NUMERIC</typeEnum>
        <Name>single</Name>
      </Types>
      <Types type="type_info.Type" uuid="1c7c2687-f878-4280-b48c-aadfbc2b2e97">
        <Name>timer_uint32_pair</Name>
      </Types>
      <Types type="type_info.NumericType" uuid="f629f1bc-83ab-4e1e-b495-fbbef3f0057c">
        <MxClassId>11</MxClassId>
        <Size>2</Size>
        <typeEnum>NUMERIC</typeEnum>
        <Name>uint16</Name>
      </Types>
      <Types type="type_info.NumericType" uuid="ec2d48c2-3790-4cc3-a78b-b8f6efc6414b">
        <MxClassId>13</MxClassId>
        <Size>4</Size>
        <typeEnum>NUMERIC</typeEnum>
        <Name>uint32</Name>
      </Types>
      <Types type="type_info.FixedPointType" uuid="ed2b8d09-2080-4831-865f-ea81bdd4d70c">
        <DataTypeId>16</DataTypeId>
        <Size>8</Size>
        <typeEnum>FIXPOINT</typeEnum>
        <Name>uint64</Name>
      </Types>
      <Types type="type_info.NumericType" uuid="c3587ba0-5d32-4cbc-8911-49ed6cb339db">
        <MxClassId>9</MxClassId>
        <Size>1</Size>
        <typeEnum>NUMERIC</typeEnum>
        <Name>uint8</Name>
      </Types>
      <isInitialized>true</isInitialized>
    </typeTable>
    <valueInterfaceParameters type="ModelRefInfoRepo.ValueInterfaceInfoMap" uuid="deebe1e0-76d4-448d-a99f-79d249ee11c2">
      <entries type="ModelRefInfoRepo.ValueInterfaceInfo" uuid="8780c0af-0e44-4a43-924d-08e94aa4481e">
        <name>nonlingain</name>
      </entries>
    </valueInterfaceParameters>
    <varTsUIDMap type="ModelRefInfoRepo.VarTsUIDMap" uuid="fd42c0d3-d5d1-4da0-8cdd-120f27226f1a"/>
  </ModelRefInfoRepo.ModelRefInfoRoot>
</MF0>