<?xml version="1.0" encoding="UTF-8"?>
<MF0 version="1.1" packageUris="http://schema.mathworks.com/mf0/ci/19700101 http://schema.mathworks.com/mf0/sl_modelref_info/R2022a http://schema.mathworks.com/mf0/slexec_mm_sto/R2022a_202107291127">
  <ModelRefInfoRepo.ModelRefInfoRoot type="ModelRefInfoRepo.ModelRefInfoRoot" uuid="e5d12c9e-310b-423a-a166-be91c16fcc60">
    <childModelRefInfo type="ModelRefInfoRepo.ChildModelRefInfo" uuid="84f78695-a03b-4937-bc53-06561180751d">
      <modelName>adcRef2</modelName>
      <modelPath>adcRef2</modelPath>
    </childModelRefInfo>
    <compDerivCacheNeedsReset>false</compDerivCacheNeedsReset>
    <compToGrInputPortMaps type="ModelRefInfoRepo.GrCompIOPortMaps" uuid="6ffd0325-ceaa-4a10-ac38-eeeee93a831c">
      <grAndCompPorts>0</grAndCompPorts>
      <grAndCompPorts>0</grAndCompPorts>
    </compToGrInputPortMaps>
    <compToGrOutputPortMaps type="ModelRefInfoRepo.GrCompIOPortMaps" uuid="0cc8d1c1-2d58-4bb3-ae05-a516d031261f">
      <grAndCompPorts>0</grAndCompPorts>
      <grAndCompPorts>0</grAndCompPorts>
    </compToGrOutputPortMaps>
    <compZcCacheNeedsReset>false</compZcCacheNeedsReset>
    <dataTransferInfos>AAFJTQAAAAAOAAAAOAAAAAYAAAAIAAAAAgAAAAAAAAAFAAAACAAAAAAAAAABAAAAAQAAAAAAAAAFAAQAAQAAAAEAAAAAAAAA</dataTransferInfos>
    <defaultsCMapping>{&quot;Inports&quot;:&quot;{\&quot;Name\&quot;:\&quot;Default\&quot;,\&quot;Checksum\&quot;:\&quot;Default\&quot;,\&quot;PerInstancePropertiesChecksum\&quot;:\&quot;\&quot;,\&quot;MemorySectionName\&quot;:\&quot;None\&quot;,\&quot;MemorySectionChecksum\&quot;:\&quot;None\&quot;}&quot;,&quot;Outports&quot;:&quot;{\&quot;Name\&quot;:\&quot;Default\&quot;,\&quot;Checksum\&quot;:\&quot;Default\&quot;,\&quot;PerInstancePropertiesChecksum\&quot;:\&quot;\&quot;,\&quot;MemorySectionName\&quot;:\&quot;None\&quot;,\&quot;MemorySectionChecksum\&quot;:\&quot;None\&quot;}&quot;,&quot;ParameterArguments&quot;:&quot;{\&quot;Name\&quot;:\&quot;Default\&quot;,\&quot;Checksum\&quot;:\&quot;Default\&quot;,\&quot;PerInstancePropertiesChecksum\&quot;:\&quot;\&quot;,\&quot;MemorySectionName\&quot;:\&quot;None\&quot;,\&quot;MemorySectionChecksum\&quot;:\&quot;None\&quot;}&quot;,&quot;LocalParameters&quot;:&quot;{\&quot;Name\&quot;:\&quot;Default\&quot;,\&quot;Checksum\&quot;:\&quot;Default\&quot;,\&quot;PerInstancePropertiesChecksum\&quot;:\&quot;\&quot;,\&quot;MemorySectionName\&quot;:\&quot;None\&quot;,\&quot;MemorySectionChecksum\&quot;:\&quot;None\&quot;}&quot;,&quot;GlobalParameters&quot;:&quot;{\&quot;Name\&quot;:\&quot;Default\&quot;,\&quot;Checksum\&quot;:\&quot;Default\&quot;,\&quot;PerInstancePropertiesChecksum\&quot;:\&quot;\&quot;,\&quot;MemorySectionName\&quot;:\&quot;None\&quot;,\&quot;MemorySectionChecksum\&quot;:\&quot;None\&quot;}&quot;,&quot;InternalData&quot;:&quot;{\&quot;Name\&quot;:\&quot;Default\&quot;,\&quot;Checksum\&quot;:\&quot;Default\&quot;,\&quot;PerInstancePropertiesChecksum\&quot;:\&quot;\&quot;,\&quot;MemorySectionName\&quot;:\&quot;None\&quot;,\&quot;MemorySectionChecksum\&quot;:\&quot;None\&quot;}&quot;,&quot;SharedLocalDataStores&quot;:&quot;{\&quot;Name\&quot;:\&quot;Default\&quot;,\&quot;Checksum\&quot;:\&quot;Default\&quot;,\&quot;PerInstancePropertiesChecksum\&quot;:\&quot;\&quot;,\&quot;MemorySectionName\&quot;:\&quot;None\&quot;,\&quot;MemorySectionChecksum\&quot;:\&quot;None\&quot;}&quot;,&quot;GlobalDataStores&quot;:&quot;{\&quot;Name\&quot;:\&quot;Default\&quot;,\&quot;Checksum\&quot;:\&quot;Default\&quot;,\&quot;PerInstancePropertiesChecksum\&quot;:\&quot;\&quot;,\&quot;MemorySectionName\&quot;:\&quot;None\&quot;,\&quot;MemorySectionChecksum\&quot;:\&quot;None\&quot;}&quot;,&quot;Constants&quot;:&quot;{\&quot;Name\&quot;:\&quot;Default\&quot;,\&quot;Checksum\&quot;:\&quot;Default\&quot;,\&quot;PerInstancePropertiesChecksum\&quot;:\&quot;\&quot;,\&quot;MemorySectionName\&quot;:\&quot;None\&quot;,\&quot;MemorySectionChecksum\&quot;:\&quot;None\&quot;}&quot;,&quot;DataTransfers&quot;:&quot;{\&quot;Name\&quot;:\&quot;Default\&quot;,\&quot;Checksum\&quot;:\&quot;Default\&quot;,\&quot;PerInstancePropertiesChecksum\&quot;:\&quot;\&quot;,\&quot;MemorySectionName\&quot;:\&quot;None\&quot;,\&quot;MemorySectionChecksum\&quot;:\&quot;None\&quot;}&quot;,&quot;ModelData&quot;:&quot;{\&quot;Name\&quot;:\&quot;Default\&quot;,\&quot;Checksum\&quot;:\&quot;Default\&quot;,\&quot;PerInstancePropertiesChecksum\&quot;:\&quot;\&quot;,\&quot;MemorySectionName\&quot;:\&quot;None\&quot;,\&quot;MemorySectionChecksum\&quot;:\&quot;None\&quot;}&quot;,&quot;InitializeTerminate&quot;:&quot;{\&quot;Name\&quot;:\&quot;Default\&quot;,\&quot;Checksum\&quot;:\&quot;Default\&quot;,\&quot;PerInstancePropertiesChecksum\&quot;:\&quot;\&quot;,\&quot;MemorySectionName\&quot;:\&quot;None\&quot;,\&quot;MemorySectionChecksum\&quot;:\&quot;None\&quot;}&quot;,&quot;Execution&quot;:&quot;{\&quot;Name\&quot;:\&quot;Default\&quot;,\&quot;Checksum\&quot;:\&quot;Default\&quot;,\&quot;PerInstancePropertiesChecksum\&quot;:\&quot;\&quot;,\&quot;MemorySectionName\&quot;:\&quot;None\&quot;,\&quot;MemorySectionChecksum\&quot;:\&quot;None\&quot;}&quot;,&quot;SharedUtility&quot;:&quot;{\&quot;Name\&quot;:\&quot;Default\&quot;,\&quot;Checksum\&quot;:\&quot;Default\&quot;,\&quot;PerInstancePropertiesChecksum\&quot;:\&quot;\&quot;,\&quot;MemorySectionName\&quot;:\&quot;None\&quot;,\&quot;MemorySectionChecksum\&quot;:\&quot;None\&quot;}&quot;}</defaultsCMapping>
    <grToCompInputPortsMaps type="ModelRefInfoRepo.GrCompIOPortMaps" uuid="28c68f90-f9c1-4497-a38e-740c8c4e0b27">
      <grAndCompPorts>0</grAndCompPorts>
      <grAndCompPorts>0</grAndCompPorts>
    </grToCompInputPortsMaps>
    <grToCompOutputPortsMaps type="ModelRefInfoRepo.GrCompIOPortMaps" uuid="70085192-bb5a-4492-9cdb-ac8115530fe6">
      <grAndCompPorts>0</grAndCompPorts>
      <grAndCompPorts>0</grAndCompPorts>
    </grToCompOutputPortsMaps>
    <hasBlockUsingZOHContinuousSampleTime>true</hasBlockUsingZOHContinuousSampleTime>
    <hasBlockWithPeriodicDiscreteSampleTime>true</hasBlockWithPeriodicDiscreteSampleTime>
    <hasBwsAccessed>true</hasBwsAccessed>
    <hasBwsAccessedByAnyModel>true</hasBwsAccessedByAnyModel>
    <hasConstantOutput>false</hasConstantOutput>
    <hasContinuousSampleTime>true</hasContinuousSampleTime>
    <hasModelWideEventTs>false</hasModelWideEventTs>
    <hasNoncontSigFeedingDerivPorts>true</hasNoncontSigFeedingDerivPorts>
    <hasParallelForEachBlocker>true</hasParallelForEachBlocker>
    <inports type="ModelRefInfoRepo.InportInformation" uuid="1427c1cc-19bd-4cca-aaf2-0e8883a14b83">
      <isNotDerivPort>true</isNotDerivPort>
      <designMax>Inf</designMax>
      <designMin>-Inf</designMin>
      <indexType>2</indexType>
      <rateInfos type="ModelRefInfoRepo.RateInfo">
        <compiled>true</compiled>
        <period>0.0</period>
        <priority>40</priority>
        <rateIdx>0</rateIdx>
      </rateInfos>
      <resolvedSignalObject></resolvedSignalObject>
      <executionInterface type="ModelRefInfoRepo.InputExecutionInterface" uuid="5acbb434-42c0-403c-8ab8-bfeb096cce26"/>
      <sigNameToEMVCEMap type="ModelRefInfoRepo.SigNameEMVCEInfo" uuid="535225da-b458-451e-a7df-78cc362e3daf"/>
    </inports>
    <isAperiodicRootFcnCallSystem>false</isAperiodicRootFcnCallSystem>
    <isInlineParamsOn>true</isInlineParamsOn>
    <isOrigInportVirtualBus>false</isOrigInportVirtualBus>
    <isOrigOutportVirtualBus>false</isOrigOutportVirtualBus>
    <isPreCompSingleRate>false</isPreCompSingleRate>
    <isRefModelConstant>false</isRefModelConstant>
    <isRootFcnCallPortGroupsEmpty>true</isRootFcnCallPortGroupsEmpty>
    <loggingSaveFormat>4</loggingSaveFormat>
    <massMatrixNzMax>3</massMatrixNzMax>
    <maxFreqHz>-1.0</maxFreqHz>
    <numCStateRecs>1</numCStateRecs>
    <numContinuousStates>3</numContinuousStates>
    <numDataInputPorts>1</numDataInputPorts>
    <numLoggableCStateRecs>1</numLoggableCStateRecs>
    <numLoggableJacobianDStates>0</numLoggableJacobianDStates>
    <numModelWideEventTs>0</numModelWideEventTs>
    <numPortlessSimulinkFunctionPortGroups>0</numPortlessSimulinkFunctionPortGroups>
    <numRuntimeExportedRates>3</numRuntimeExportedRates>
    <numTs>3</numTs>
    <origInportBusType></origInportBusType>
    <origOutportBusOutputAsStruct>false</origOutportBusOutputAsStruct>
    <origOutportBusType></origOutportBusType>
    <outports type="ModelRefInfoRepo.OutportInformation" uuid="09498d10-b768-481a-9fe6-61a366a3045f">
      <okToMerge>1</okToMerge>
      <designMax>Inf</designMax>
      <designMin>-Inf</designMin>
      <indexType>2</indexType>
      <rateInfos type="ModelRefInfoRepo.RateInfo">
        <compiled>true</compiled>
        <nonFcnCallPartitionName>Cont</nonFcnCallPartitionName>
        <period>1e-08</period>
        <priority>40</priority>
        <rateIdx>2</rateIdx>
      </rateInfos>
      <resolvedSignalObject></resolvedSignalObject>
      <executionInterface type="ModelRefInfoRepo.OutputExecutionInterface" uuid="9fedfab0-3c05-4371-8cb8-ee4c50b71dc2"/>
      <sigNameToEMVCEMap type="ModelRefInfoRepo.SigNameEMVCEInfo" uuid="37489c1c-12b9-43a4-b19e-f06ddadd9e97"/>
    </outports>
    <preCompAllowConstTsOnPorts>false</preCompAllowConstTsOnPorts>
    <preCompAllowPortBasedInTriggeredSS>false</preCompAllowPortBasedInTriggeredSS>
    <runtimeNonFcnCallRateInfos type="ModelRefInfoRepo.RateInfo">
      <compiled>true</compiled>
      <period>0.0</period>
      <priority>40</priority>
      <rateIdx>0</rateIdx>
    </runtimeNonFcnCallRateInfos>
    <runtimeNonFcnCallRateInfos type="ModelRefInfoRepo.RateInfo">
      <compiled>true</compiled>
      <offset>1.0</offset>
      <period>0.0</period>
      <priority>40</priority>
      <rateIdx>1</rateIdx>
    </runtimeNonFcnCallRateInfos>
    <runtimeNonFcnCallRateInfos type="ModelRefInfoRepo.RateInfo">
      <compiled>true</compiled>
      <nonFcnCallPartitionName>Cont</nonFcnCallPartitionName>
      <period>1e-08</period>
      <priority>40</priority>
      <rateIdx>2</rateIdx>
    </runtimeNonFcnCallRateInfos>
    <sampleTimeInheritanceRule>2</sampleTimeInheritanceRule>
    <solverStatusFlags>329</solverStatusFlags>
    <timingAndTaskingRegistry>&lt;?xml version=&quot;1.0&quot;?&gt;
&lt;slexec_sto version=&quot;1.1&quot; packageUris=&quot;http://schema.mathworks.com/mf0/slexec_mm_sto/R2022a_202107291127&quot;&gt;
  &lt;sto.Registry type=&quot;sto.Registry&quot; uuid=&quot;db2767a8-6f92-432b-b4d7-81c79a472888&quot;&gt;
    &lt;clocks type=&quot;sto.Timer&quot; uuid=&quot;c59df0b6-049b-4d76-a260-cba8daa621e8&quot;&gt;
      &lt;computedFundamentalDiscretePeriod&gt;1e-08&lt;/computedFundamentalDiscretePeriod&gt;
      &lt;rates type=&quot;sto.ContinuousRate&quot; uuid=&quot;d288e6cf-6597-4b93-ac70-5c877908885d&quot;&gt;
        &lt;annotation&gt;Cont&lt;/annotation&gt;
        &lt;description&gt;Continuous&lt;/description&gt;
        &lt;taskId&gt;_task0&lt;/taskId&gt;
        &lt;rateSpec type=&quot;sto.RateSpec&quot; uuid=&quot;9ca8c45a-b3d0-43a9-b5bd-46b5d88931bd&quot;/&gt;
      &lt;/rates&gt;
      &lt;rates type=&quot;sto.ZOHContinuousRate&quot; uuid=&quot;2e24f4c7-e300-410c-97ac-db9ba5a675fd&quot;&gt;
        &lt;annotation&gt;FiM&lt;/annotation&gt;
        &lt;colorIndex&gt;8&lt;/colorIndex&gt;
        &lt;description&gt;Fixed in Minor Step&lt;/description&gt;
        &lt;rateIdx&gt;1&lt;/rateIdx&gt;
        &lt;taskId&gt;_task0&lt;/taskId&gt;
        &lt;rateSpec type=&quot;sto.RateSpec&quot; uuid=&quot;b1596546-8e6a-4215-8da2-f048c34b9916&quot;&gt;
          &lt;offset&gt;1.0&lt;/offset&gt;
          &lt;rateType&gt;ZOHContinuous&lt;/rateType&gt;
        &lt;/rateSpec&gt;
      &lt;/rates&gt;
      &lt;rates type=&quot;sto.ClassicPeriodicDiscreteRate&quot; uuid=&quot;3b543d07-d006-4dc9-af5f-d20e31169223&quot;&gt;
        &lt;annotation&gt;D1&lt;/annotation&gt;
        &lt;colorIndex&gt;2&lt;/colorIndex&gt;
        &lt;description&gt;Discrete 1&lt;/description&gt;
        &lt;rateIdx&gt;2&lt;/rateIdx&gt;
        &lt;taskId&gt;_task0&lt;/taskId&gt;
        &lt;rateSpec type=&quot;sto.RateSpec&quot; uuid=&quot;176fec25-714f-4932-8f2d-47cf8151cb68&quot;&gt;
          &lt;period&gt;1e-08&lt;/period&gt;
          &lt;rateType&gt;ClassicPeriodicDiscrete&lt;/rateType&gt;
        &lt;/rateSpec&gt;
      &lt;/rates&gt;
      &lt;baseRate type=&quot;sto.ContinuousRate&quot; uuid=&quot;a3979d3b-233c-4bb4-ab76-69b9104e4b2c&quot;&gt;
        &lt;annotation&gt;Cont&lt;/annotation&gt;
        &lt;description&gt;Continuous&lt;/description&gt;
        &lt;taskId&gt;_task0&lt;/taskId&gt;
        &lt;rateSpec type=&quot;sto.RateSpec&quot; uuid=&quot;3402e134-4064-438d-b218-5acaa2d13511&quot;/&gt;
      &lt;/baseRate&gt;
    &lt;/clocks&gt;
    &lt;executionSpec&gt;Undetermined&lt;/executionSpec&gt;
    &lt;taskPriorityDirection&gt;HighNumberLast&lt;/taskPriorityDirection&gt;
    &lt;taskRegistry type=&quot;sto.TaskRegistry&quot; uuid=&quot;399794d4-28bb-486b-801f-431533fbbb90&quot;&gt;
      &lt;rootTaskHierarchyElements type=&quot;sto.Task&quot; uuid=&quot;0ce8797e-1fb6-43cd-9d6d-974ffb78caaa&quot;&gt;
        &lt;isExecutable&gt;true&lt;/isExecutable&gt;
        &lt;orderIndex&gt;1&lt;/orderIndex&gt;
        &lt;rates type=&quot;sto.ContinuousRate&quot; uuid=&quot;937f7fa2-3d60-4758-ab31-02309594dce9&quot;&gt;
          &lt;annotation&gt;Cont&lt;/annotation&gt;
          &lt;description&gt;Continuous&lt;/description&gt;
          &lt;taskId&gt;_task0&lt;/taskId&gt;
          &lt;rateSpec type=&quot;sto.RateSpec&quot; uuid=&quot;c382894f-87de-41f2-8a87-68a34583c0de&quot;/&gt;
        &lt;/rates&gt;
        &lt;rates type=&quot;sto.ZOHContinuousRate&quot; uuid=&quot;f5eb0433-58ed-4e1e-b41d-bd4bd8015650&quot;&gt;
          &lt;annotation&gt;FiM&lt;/annotation&gt;
          &lt;colorIndex&gt;8&lt;/colorIndex&gt;
          &lt;description&gt;Fixed in Minor Step&lt;/description&gt;
          &lt;rateIdx&gt;1&lt;/rateIdx&gt;
          &lt;taskId&gt;_task0&lt;/taskId&gt;
          &lt;rateSpec type=&quot;sto.RateSpec&quot; uuid=&quot;eeb83126-df40-472f-ad33-4d52a2ccea80&quot;&gt;
            &lt;offset&gt;1.0&lt;/offset&gt;
            &lt;rateType&gt;ZOHContinuous&lt;/rateType&gt;
          &lt;/rateSpec&gt;
        &lt;/rates&gt;
        &lt;rates type=&quot;sto.ClassicPeriodicDiscreteRate&quot; uuid=&quot;ff4d21ec-f35a-431e-b36b-441ba74054ad&quot;&gt;
          &lt;annotation&gt;D1&lt;/annotation&gt;
          &lt;colorIndex&gt;2&lt;/colorIndex&gt;
          &lt;description&gt;Discrete 1&lt;/description&gt;
          &lt;rateIdx&gt;2&lt;/rateIdx&gt;
          &lt;taskId&gt;_task0&lt;/taskId&gt;
          &lt;rateSpec type=&quot;sto.RateSpec&quot; uuid=&quot;6b1108d7-af77-4926-a73c-d27dfda131d1&quot;&gt;
            &lt;period&gt;1e-08&lt;/period&gt;
            &lt;rateType&gt;ClassicPeriodicDiscrete&lt;/rateType&gt;
          &lt;/rateSpec&gt;
        &lt;/rates&gt;
        &lt;elementType&gt;Task&lt;/elementType&gt;
        &lt;identifier&gt;_task0&lt;/identifier&gt;
        &lt;priority&gt;40&lt;/priority&gt;
      &lt;/rootTaskHierarchyElements&gt;
      &lt;taskDependencyGraph type=&quot;sto.SerializedTaskConnectionList&quot; uuid=&quot;e30117cb-b696-4f03-ace1-d03ef3356af4&quot;&gt;
        &lt;taskIdentifier&gt;_task0&lt;/taskIdentifier&gt;
      &lt;/taskDependencyGraph&gt;
    &lt;/taskRegistry&gt;
  &lt;/sto.Registry&gt;
&lt;/slexec_sto&gt;</timingAndTaskingRegistry>
    <usePortBasedSampleTime>false</usePortBasedSampleTime>
    <FMUBlockMap type="ModelRefInfoRepo.FMUBlockInfo" uuid="4c5f900a-261a-482e-a364-0042aa690cf9"/>
    <argumentParameterSourceMap type="ModelRefInfoRepo.ArgumentValueSourceMap" uuid="5fe56b73-ffbe-417b-905a-75ccf734ea89">
      <entries type="ModelRefInfoRepo.ArgumentValueSource" uuid="f9770b2e-35fb-4c51-baf1-5ec9623ecfa3">
        <name>nonlingain</name>
        <srcPath>adcRef2</srcPath>
        <srcPrmName>nonlingain</srcPrmName>
      </entries>
    </argumentParameterSourceMap>
    <argumentParameters type="ModelRefInfoRepo.ArgumentValueMap" uuid="bc04b02f-e724-48ac-ad54-4a7afdddf003">
      <entries type="ModelRefInfoRepo.ArgumentValue" uuid="7b8228b6-1dbe-44a6-812b-089c45d89b3a">
        <name>nonlingain</name>
        <value>AAFJTQAAAAAOAAAAOAAAAAYAAAAIAAAABgAAAAAAAAAFAAAACAAAAAEAAAABAAAAAQAAAAAAAAAJAAAACAAAAJqZmZmZmbk/</value>
      </entries>
    </argumentParameters>
    <codeGenInfo type="ModelRefInfoRepo.CodeGenInformation" uuid="8182dd68-06a3-4433-8435-c22a038299a7">
      <DWorkTypeName>hkcgqaaszhy</DWorkTypeName>
    </codeGenInfo>
    <compiledVariantInfos type="ModelRefInfoRepo.CompiledVariantInfoMap" uuid="d0b72424-e483-4df3-981c-ebfc1f19122e"/>
    <configSettingsForConsistencyChecks type="ModelRefInfoRepo.ConfigSettingsForConsistencyChecks" uuid="77d40e3d-08d3-40b1-8f9a-02ccbecdab04">
      <frameDiagnosticSetting>2</frameDiagnosticSetting>
      <signalLoggingSaveFormat>2</signalLoggingSaveFormat>
      <simSIMDOptimization>1</simSIMDOptimization>
      <solverName>ode113</solverName>
      <hardwareSettings type="ModelRefInfoRepo.HardwareSettings" uuid="fc69dad9-5b36-4dd9-8570-4e30eb406274">
        <prodBitPerChar>8</prodBitPerChar>
        <prodBitPerDouble>64</prodBitPerDouble>
        <prodBitPerFloat>32</prodBitPerFloat>
        <prodBitPerInt>32</prodBitPerInt>
        <prodBitPerLong>32</prodBitPerLong>
        <prodBitPerLongLong>64</prodBitPerLongLong>
        <prodBitPerPointer>32</prodBitPerPointer>
        <prodBitPerPtrDiffT>32</prodBitPerPtrDiffT>
        <prodBitPerShort>16</prodBitPerShort>
        <prodBitPerSizeT>32</prodBitPerSizeT>
        <prodIntDivRoundTo>2</prodIntDivRoundTo>
        <prodLargestAtomicFloat>2</prodLargestAtomicFloat>
        <prodShiftRight>true</prodShiftRight>
        <prodWordSize>32</prodWordSize>
      </hardwareSettings>
    </configSettingsForConsistencyChecks>
    <controllableInputRatesMap type="ModelRefInfoRepo.VarTsUIDMap" uuid="1cce772b-f119-48f6-a25f-ce2817407fc4"/>
    <controllableOutputRatesMap type="ModelRefInfoRepo.VarTsUIDMap" uuid="651067f2-04fb-4473-bb62-05bcf63996a5"/>
    <dataPortGroup type="ModelRefInfoRepo.DataPortGroup" uuid="12946238-59b7-4ce6-af75-24b366810245">
      <compDataInputPorts>0</compDataInputPorts>
      <compDataOutputPorts>0</compDataOutputPorts>
      <dataInputPorts>0</dataInputPorts>
      <dataOutputPorts>0</dataOutputPorts>
    </dataPortGroup>
    <expFcnUnconnectedDataPortGroup type="ModelRefInfoRepo.DataPortGroup" uuid="e416e451-e081-4213-8843-29db1e2cf695"/>
    <interfaceParameterInfo type="ModelRefInfoRepo.InterfaceParameterInfo" uuid="cfed81b8-8f3c-42e7-9066-528c72f46593">
      <modelArguments type="ModelRefInfoRepo.BuiltinParameter" uuid="8d38de1f-5d4f-495d-a3c3-6e697587d7da">
        <dimensions>1</dimensions>
        <dimensions>1</dimensions>
        <isSimulinkParameterObj>true</isSimulinkParameterObj>
        <isUsed>true</isUsed>
        <numDimensions>2</numDimensions>
        <parameterName>nonlingain</parameterName>
      </modelArguments>
    </interfaceParameterInfo>
    <messageInfo type="ModelRefInfoRepo.MessageInformation" uuid="89ad82f5-5ed6-4105-8190-843177b90978"/>
    <methodInfo type="ModelRefInfoRepo.MethodExistenceInfo" uuid="434c2574-3263-4147-b4e0-80918788f193">
      <hasDerivMethod>true</hasDerivMethod>
      <hasForcingFunctionMethod>true</hasForcingFunctionMethod>
      <hasSystemInitializeMethod>true</hasSystemInitializeMethod>
      <hasSystemResetMethod>true</hasSystemResetMethod>
      <hasTerminateMethod>true</hasTerminateMethod>
      <hasUpdateMethod>true</hasUpdateMethod>
    </methodInfo>
    <periodicEventPortUnsupportedBlockInfo type="ModelRefInfoRepo.PeriodicEventPortUnsupportedBlockInfo" uuid="a7db38ec-b5a5-4ca0-888d-4aa223d7052a"/>
    <portGroupsRequireSameRate type="ModelRefInfoRepo.PortGroupsRequireSameRate" uuid="a6541562-d723-4c72-8f1e-131c35e4654a">
      <DSMPortGroups type="ModelRefInfoRepo.NameToPortGroupIdxVectMap" uuid="b7a77c4a-cc03-4429-82b3-c0afe0b38901"/>
      <GlobalDSMPortGroups type="ModelRefInfoRepo.NameToPortGroupIdxVectMap" uuid="66e389b1-ea96-4803-a524-a775823938b9"/>
      <mergedPortGroups type="ModelRefInfoRepo.NameToPortGroupIdxVectMap" uuid="c2a237d6-8a21-41c2-81f7-6b16d6b40c72"/>
    </portGroupsRequireSameRate>
    <rateBasedMdlGlobalDSMRateSpec type="ModelRefInfoRepo.GlobalDSMRateSpecMap" uuid="0badccd1-9fca-460d-90d7-a4a59a1109ee"/>
    <rateSpecOfGlobalDSMAccessedByDescExpFcnMdlMap type="ModelRefInfoRepo.GlobalDSMRateSpecMap" uuid="f88fbb87-3dd1-4350-97f5-184f6733dc17"/>
    <rootBlockDiagramInterface type="ci.Model" uuid="6e9b7274-a5d0-4a7e-b31d-5a10ef6069d1">
      <p_RootComponentInterface type="ci.ComponentInterface" uuid="503ec901-464d-429b-867b-503025faa156">
        <p_InputPorts type="ci.SignalInterface" uuid="705b983b-ea10-4dfc-a5ad-d69cc1cf6584">
          <p_ComputedNumericDimensions>1.0</p_ComputedNumericDimensions>
          <p_ComputedSampleTime>0.0</p_ComputedSampleTime>
          <p_ComputedSampleTime>0.0</p_ComputedSampleTime>
        </p_InputPorts>
        <p_Name>adcRef2</p_Name>
        <p_OutputPorts type="ci.SignalInterface" uuid="0d0172dc-1774-40f7-a6f4-a50e5f296425">
          <p_ComputedNumericDimensions>1.0</p_ComputedNumericDimensions>
          <p_ComputedSampleTime>1e-08</p_ComputedSampleTime>
          <p_ComputedSampleTime>0.0</p_ComputedSampleTime>
        </p_OutputPorts>
        <p_Type>ROOT</p_Type>
      </p_RootComponentInterface>
    </rootBlockDiagramInterface>
    <simulinkFunctions type="ModelRefInfoRepo.SimulinkFunctions" uuid="e7278613-0a63-4d71-8dc9-7d00adadbc89">
      <compSimulinkFunctionCatalog></compSimulinkFunctionCatalog>
    </simulinkFunctions>
    <stateWriterToOwnerMap type="ModelRefInfoRepo.StateWriterInfo" uuid="9d2d85dc-55a3-47de-897c-651a1b911863"/>
    <stoClientDataRegistry type="sto.ClientDataRegistry" uuid="99d3b259-d43b-4c1d-aaf1-50c70d6b8e74">
      <dataSets type="sto.ClientClockNamedDataSet" uuid="78b3d893-4845-43f6-93e8-1d70e2b80f9e">
        <tag>sltpEvents</tag>
      </dataSets>
      <dataSets type="sto.ClientTaskHierarchyElementNamedDataSet" uuid="d750f5f0-830f-4f22-ada0-3daad56e83b7">
        <tag>sltpTaskGroups</tag>
      </dataSets>
      <dataSets type="sto.ClientTaskHierarchyElementNamedDataSet" uuid="a52750ae-e49f-43ed-b784-0b75d4199b62">
        <dSet type="ModelRefInfoRepo.SltpTaskData" uuid="53385545-f54d-405f-9d36-ae035476114f"/>
        <tSet type="ModelRefInfoRepo.SltpTaskData" uuid="53385545-f54d-405f-9d36-ae035476114f">
          <dataName>Cont</dataName>
          <linkedSet type="sto.ClientTaskHierarchyElementNamedDataSet" uuid="a52750ae-e49f-43ed-b784-0b75d4199b62"/>
          <id type="sto.TaskHierarchyElementId">
            <id>_task0</id>
          </id>
        </tSet>
        <tag>sltpTasks</tag>
      </dataSets>
    </stoClientDataRegistry>
    <typeTable type="type_info.TypeTable" uuid="d5e75c0d-7133-40a8-a5ad-7aae533da941">
      <Types type="type_info.Type" uuid="7ca8a0e7-34bc-4b9d-ab80-3f8a8e770290">
        <Name>action</Name>
      </Types>
      <Types type="type_info.NumericType" uuid="1d9ad587-95dc-437b-9a49-df18cb0152d1">
        <MxClassId>3</MxClassId>
        <Size>1</Size>
        <typeEnum>NUMERIC</typeEnum>
        <Name>boolean</Name>
      </Types>
      <Types type="type_info.NumericType" uuid="6d72d1fd-8edf-47c6-8b73-6bd6993bd5f1">
        <DataTypeId>1</DataTypeId>
        <MxClassId>6</MxClassId>
        <Size>8</Size>
        <typeEnum>NUMERIC</typeEnum>
        <Name>double</Name>
      </Types>
      <Types type="type_info.Type" uuid="b90a0eda-6385-49f1-96e1-223bf77aeadf">
        <Name>fcn_call</Name>
      </Types>
      <Types type="type_info.NumericType" uuid="9ca36c4e-a6f1-422f-8590-379f7a4e93e1">
        <MxClassId>10</MxClassId>
        <Size>2</Size>
        <typeEnum>NUMERIC</typeEnum>
        <Name>int16</Name>
      </Types>
      <Types type="type_info.NumericType" uuid="5b3c244e-c9ce-48d3-a51a-bffc307b53c2">
        <MxClassId>12</MxClassId>
        <Size>4</Size>
        <Name>int32</Name>
      </Types>
      <Types type="type_info.FixedPointType" uuid="664ba51e-9e2e-41cf-86d2-193c595be7de">
        <DataTypeId>15</DataTypeId>
        <Size>8</Size>
        <typeEnum>FIXPOINT</typeEnum>
        <Name>int64</Name>
      </Types>
      <Types type="type_info.NumericType" uuid="99da7b3f-e64b-4c69-b189-9aac4d55db28">
        <MxClassId>8</MxClassId>
        <Size>1</Size>
        <typeEnum>NUMERIC</typeEnum>
        <Name>int8</Name>
      </Types>
      <Types type="type_info.Type" uuid="c26a547e-f4c2-4efc-b521-e7e84480bcd4">
        <Name>integer</Name>
      </Types>
      <Types type="type_info.Type" uuid="17b57e11-7baf-429e-839e-9d62cab357f8">
        <Name>physical_connection</Name>
      </Types>
      <Types type="type_info.Type" uuid="5aeb7208-6702-430c-8e60-d434ac793f0f">
        <Name>pointer</Name>
      </Types>
      <Types type="type_info.NumericType" uuid="3b2c1a3f-4dab-45d2-9bcd-33ec8c10b1c8">
        <MxClassId>7</MxClassId>
        <Size>4</Size>
        <typeEnum>NUMERIC</typeEnum>
        <Name>single</Name>
      </Types>
      <Types type="type_info.Type" uuid="085a431c-7d19-4cab-926e-3284dbc83517">
        <Name>timer_uint32_pair</Name>
      </Types>
      <Types type="type_info.NumericType" uuid="f4a1ca63-d8cf-4406-84ce-6cc2855c2adf">
        <MxClassId>11</MxClassId>
        <Size>2</Size>
        <typeEnum>NUMERIC</typeEnum>
        <Name>uint16</Name>
      </Types>
      <Types type="type_info.NumericType" uuid="4df9caf9-f114-4061-b2c2-7a4300b146f7">
        <MxClassId>13</MxClassId>
        <Size>4</Size>
        <typeEnum>NUMERIC</typeEnum>
        <Name>uint32</Name>
      </Types>
      <Types type="type_info.FixedPointType" uuid="bcbc962f-9344-4bd1-8bbb-565c14fbf601">
        <DataTypeId>16</DataTypeId>
        <Size>8</Size>
        <typeEnum>FIXPOINT</typeEnum>
        <Name>uint64</Name>
      </Types>
      <Types type="type_info.NumericType" uuid="85a41b41-c18b-43bb-9c22-4671aff6c039">
        <MxClassId>9</MxClassId>
        <Size>1</Size>
        <typeEnum>NUMERIC</typeEnum>
        <Name>uint8</Name>
      </Types>
      <isInitialized>true</isInitialized>
    </typeTable>
    <valueInterfaceParameters type="ModelRefInfoRepo.ValueInterfaceInfoMap" uuid="ac22d706-3088-46cd-9689-d68a8ac19eb6">
      <entries type="ModelRefInfoRepo.ValueInterfaceInfo" uuid="cb9c9c53-6043-4609-9592-f3f88eecdb17">
        <name>nonlingain</name>
      </entries>
    </valueInterfaceParameters>
    <varTsUIDMap type="ModelRefInfoRepo.VarTsUIDMap" uuid="05784f7c-04c4-4e85-8d3d-74c62738ea09"/>
  </ModelRefInfoRepo.ModelRefInfoRoot>
</MF0>